Options +Indexes +FollowSymLinks +ExecCGI +includes
<IfModule mod_autoindex.c>
IndexOptions IgnoreCase FancyIndexing FoldersFirst NameWidth=* DescriptionWidth=* SuppressHTMLPreamble
HeaderName /DIRHEADER.html
IndexIgnore header.html footer.html favicon.ico .htaccess .ftpquota .DS_Store icons *.log *,v *,t .??* *~ *#
</IfModule>

# compress text, html, javascript, css, xml:
AddOutputFilterByType DEFLATE text/plain
AddOutputFilterByType DEFLATE text/html
AddOutputFilterByType DEFLATE text/xml
AddOutputFilterByType DEFLATE text/css
AddOutputFilterByType DEFLATE application/xml
AddOutputFilterByType DEFLATE application/xhtml+xml
AddOutputFilterByType DEFLATE application/rss+xml
AddOutputFilterByType DEFLATE application/javascript
AddOutputFilterByType DEFLATE application/x-javascript

AddType text/html .html

AddHandler server-parsed .shtml .html .htm

ErrorDocument 404 /404.shtml

DirectoryIndex index_fr.html index.html
Redirect /data https://rr0.org/time
Redirect /personne https://rr0.org/people
Redirect /lieu https://rr0.org/place
Redirect /lieux.html https://rr0.org/place
Redirect /glossair.html https://rr0.org/science/crypto/ufo/glossair.html
Redirect /DD.html https://rr0.org/science/crypto/ufo/observation/classification/hynek/dd
Redirect /science/crypto/ufo/observation/classification/hynek/rr/1/ https://rr0.org/science/crypto/ufo/observation/classification/hynek/rr/1
Redirect /CE1.html https://rr0.org/science/crypto/ufo/observation/classification/hynek/rr/1
Redirect /science/crypto/ufo/observation/classification/hynek/rr/2/ https://rr0.org/science/crypto/ufo/observation/classification/hynek/rr/2
Redirect /CE2.html https://rr0.org/science/crypto/ufo/observation/classification/hynek/rr/2
Redirect /science/crypto/ufo/observation/classification/hynek/rr/3 https://rr0.org/science/crypto/ufo/observation/classification/hynek/rr/3
Redirect /CE3.html https://rr0.org/science/crypto/ufo/observation/classification/hynek/rr/3
Redirect /science/discipline/math https://rr0.org/science/discipline/hard/form/math
Redirect /science/discipline/phys https://rr0.org/science/discipline/hard/nat/mat/phys
Redirect /MHD.html https://rr0.org/science/discipline/physique/MHD.html
Redirect /science/discipline/astronomie https://rr0.org/science/discipline/hard/nat/univ/astro
Redirect /science/discipline/astro https://rr0.org/science/discipline/hard/nat/univ/astro
Redirect /science/discipline/physique https://rr0.org/science/discipline/hard/nat/mat/phys
Redirect /science/discipline/psycho/Barnum.html https://rr0.org/science/discipline/soc/psycho/Barnum.html
Redirect /Documents/Articles/AIAA/1974-05_AIAAUFOReports_Sturrock.html https://rr0.org/time/1/9/7/4/05/AIAAUFOReports_Sturrock
Redirect /Documents/Articles/Sturrock/1974_Condon https://rr0.org/time/1/9/7/4/10/Sturrock_Condon
Redirect /Documents/Articles/AIAA/1971-07_AeronauticsAndAstronautics.html https://rr0.org/time/1/9/7/1/07/UfoEncounter1_AAAS
Redirect /Documents/Officiels/1953-01-09_Pentacle.html https://rr0.org/time/1/9/5/3/01/09/PentacleMemo
Redirect /Documents/Articles/Airships/1897-04-21_LincolnStateJournal_Airship_fr.html https://rr0.org/time/1/8/9/7/04/21/ItRainedAirships/index_fr.html
Redirect /Documents/Articles/Philips/phillips2.htm https://rr0.org/time/2/0/0/4/02/08/Phillips_PhysicalTracesCatalog_CPTR
Redirect /time/2/0/0/6/Hastings_UfosightingsAtIcbmSites https://rr0.org/time/2/0/0/6/02/24/Hastings_UfosightingsAtIcbmSites
Redirect /time/2/0/0/8/08/QuandLesGendarmesChassentLesOvnis https://rr0.org//time/2/0/0/8/08/18/QuandLesGendarmesChassentLesOvnis
Redirect /Documents/Articles/StupidUfologyTricks_Paynter.html /time/1/9/9/9/02/02/Paynter_UfologyStupidTricks
Redirect /PineGap_Gille.html https://rr0.org/time/1/9/8/9/PineGap/PineGap_Gille.html
Redirect /time/Documents/articles/1989-11-29_Zetetism.html https://rr0.org/time/1989/11/29/Truzzi_ReflectionsOnTheReceptionOfUnconventionalClaimsInScience/
Redirect /org/us/company/ttsacademy https://rr0.org/org/us/company/tts/a
Redirect /SDI.html https://rr0.org/org/us/dod/SDI.html
Redirect /ScienceFiction.html https://rr0.org/science/crypto/ufo/culture/litterature
Redirect /science/crypto/ufo/culture/litterature/sf https://rr0.org/science/crypto/ufo/culture/litterature
Redirect /Religion.html https://rr0.org/science/crypto/ufo/Religion.html
Redirect /religion https://rr0.org/croyance/religion
Redirect /croyance/sante/homeo https://rr0.org/science/para/homeo/
Redirect /para/psi/spiritisme https://rr0.org/science/para/psi/spirit/
Redirect /Grudge13.html https://rr0.org/time/1995/03/26/Grudge13.html
Redirect /Vagues.html https://rr0.org/time/Vagues.html
Redirect /Sylphes.html https://rr0.org/croyance/Sylphes.html
Redirect /Officiels/1948-12-10_USAF/1948-12-10_USAF.html https://rr0.org/time/1948/12/10/USAF_AirIntelligenceReport/
Redirect /Documents/Officiels/SmithMarcia/SEC-1.html https://rr0.org/time/1983/06/20/SmithMarcia_UfoEnigma/s1
Redirect /Documents/Officiels/SmithMarcia/ https://rr0.org/time/1983/06/20/SmithMarcia_UfoEnigma/
Redirect /Documents/Officiels/USAF/PBBSR14/ https://rr0.org/time/1955/05/05/PBBSR14/
Redirect /science/crypto/ufo/analyse/hypotheses/HET/ https://rr0.org/science/crypto/ufo/analyse/hypotheses/intelligence/HET/
Redirect /science/crypto/ufo/analyse/hypotheses/HET/ https://rr0.org/science/crypto/ufo/analyse/hypotheses/intelligence/HET/
Redirect /Documents/Articles/Vallee/1990_5ArgumentsContreHET_Vallee_fr.html https://rr0.org/time/1/9/9/0/Vallee_5ArgumentsAgainstTheExtraterrestrialOriginOfUnidentifiedFlyingObjects/index_fr.html
Redirect /Documents/Officiels/1990_LambrechtsRapport.html https://rr0.org/time/1/9/9/0/RapportLambrechts/
Redirect /science/crypto/ufologie https://rr0.org/science/crypto/ufo
Redirect /science/crypto/zoologie https://rr0.org/science/crypto/zoo
Redirect /science/crypto/archeologie https://rr0.org/science/crypto/archeo
Redirect /Dossier/1996-01-20_Varginha https://rr0.org/science/crypto/ufo/enquete/dossier/Varginha
Redirect /Dossier/1952-09-12_Flatwoods https://rr0.org/science/crypto/ufo/enquete/dossier/Flatwoods
Redirect /Dossier/1957-10-15_VillasBoas https://rr0.org/science/crypto/ufo/enquete/dossier/VillasBoas
Redirect /Dossier/1945_LeMonde https://rr0.org/science/crypto/ufo/enquete/dossier/LeMonde
Redirect /ConversationsAFFA.html https://rr0.org/science/crypto/ufo/enquete/dossier/ConversationsAFFA
Redirect /enquete/dossier/Boianai/index.html https://rr0.org/science/crypto/ufo/enquete/dossier/Boianai
Redirect /science/crypto/ufo/enquete/dossier/Baalbek https://rr0.org/science/crypto/archeo/enquete/dossier/Baalbek
Redirect /science/crypto/ufo/enquete/dossier/SeattleWindshield/1998_Bartholomew.html https://rr0.org/time/1/9/9/8/Bartholomew_TheSeattleWindshieldPittingEpidemic
Redirect /LittleGreenMen.html https://rr0.org/science/crypto/ufo/LittleGreenMen.html
Redirect /SETV.html https://rr0.org/science/crypto/ufo/observation/projet/SETV.html
Redirect /science/crypto/ufo/observation/projet/Magnet.html https://rr0.org/org/ca/dot/projet/Magnet.html
Redirect /Sondages.html https://rr0.org/science/crypto/ufo/observation/Sondages.html
Redirect /science/crypto/ufo/observation/scenario/MIB.html https://rr0.org/science/crypto/ufo/observation/etre/mib/
Redirect /MIB.html https://rr0.org/science/crypto/ufo/observation/etre/mib/
Redirect /science/crypto/ufologie/observation/scenario/MIB.html https://rr0.org/science/crypto/ufo/observation/scenario/mib/
Redirect /Gris.html https://www.rr0.org/science/crypto/ufo/observation/etre/gris
Redirect /science/crypto/ufo/observation/scenario/Gris.html https://rr0.org/science/crypto/ufo/observation/etre/gris/
Redirect /science/crypto/ufologie/observation/scenario/Reptiliens.html https://rr0.org/science/crypto/ufo/observation/etre/reptilien/
Redirect /science/crypto/ufologie/observation/pan/aspect/ https://rr0.org/science/crypto/ufo/observation/pan/aspect/
Redirect /science/crypto/ufo/observation/pan/aspect/forme/cigare https://rr0.org/science/crypto/ufo/observation/pan/aspect/forme/cigare
Redirect /science/crypto/ufo/observation/pan/aspect/ https://rr0.org/science/crypto/ufo/observation/pan/aspect/
Redirect /science/crypto/ufologie/observation/pan/comportement/ https://rr0.org/science/crypto/ufo/observation/pan/comportement/
Redirect /science/crypto/ufologie/analyse/IdeesRecues.html https://rr0.org/science/crypto/ufo/IdeesRecues.html
Redirect /Orthothenie.html https://rr0.org/science/crypto/ufo/analyse/Orthothenie.html
Redirect /ETH.html https://rr0.org/science/crypto/ufo/analyse/hypotheses/intelligence/HET/
Redirect /HynekClassification.html https://rr0.org/science/crypto/ufo/observation/classification/hynek
Redirect /Enquete.html https://rr0.org/science/crypto/ufo/enquete/
Redirect /Preuve.html https://rr0.org/science/crypto/ufo/analyse/Preuve.html
Redirect /Ufologie.html https://rr0.org/science/crypto/ufo
Redirect /dirigeants.html https://rr0.org/people/dirigeants.html
Redirect /DavidsonLeon.html https://rr0.org/people/d/DavidsonLeon
Redirect /DahlHaroldA.html https://rr0.org/people/d/DahlHaroldA
Redirect /DeanRobertO.html https://rr0.org/people/d/DeanRobertO
Redirect /DeforgeGegard.html https://rr0.org/people/d/DeforgeGerard
Redirect /people/d/DeGaulleCharles.html https://rr0.org/people/d/DeGaulleCharles
Redirect /DeSouzaInacio.html https://rr0.org/people/d/DeSouzaInacio
Redirect /people/d/DeSamosAristarque.html https://rr0.org/people/d/DeSamosAristarque
Redirect /DewildeMarius.html https://rr0.org/people/d/DewildeMarius
Redirect /science/crypto/ufo/enquete/dossier/Quarouble/DewildeMarius.html https://rr0.org/people/d/DewildeMarius
Redirect /people/d/DolanRichard.html https://rr0.org/people/d/DolanRichard
Redirect /Cooper.html https://rr0.org/people/d/DotyRichardC/Cooper.html
Redirect /people/d/DumerchatFrederic.html https://rr0.org/people/d/DumerchatFrederic
Redirect /people/d/DurandGilles.html https://rr0.org/people/d/DurandGilles
Redirect /DrakeFrankD.html https://rr0.org/people/d/DrakeFrankD
Redirect /DrydenHughLatimer.html https://rr0.org/people/d/DrydenHughLatimer
Redirect /people/d/DotteCharvyGuy.html https://rr0.org/people/d/DotteCharvyGuy
Redirect /people/e/EasleyEdwin.html https://rr0.org/people/e/EasleyEdwin
Redirect /EdwardsFrank.html https://rr0.org/people/e/EdwardsFrank
Redirect /EisenhowerDwightDavid.html https://rr0.org/people/e/EisenhowerDwightDavid
Redirect /EsterleAlain.html https://rr0.org/people/e/EsterleAlain/
Redirect /JungCarlGustav.html https://rr0.org/people/j/JungCarlGustav/
Redirect /people/j/JaggerMichaelPhilip https://rr0.org/people/j/JaggerMick
Redirect /people/j/JungCarlGustav.html https://rr0.org/people/j/JungCarlGustav
Redirect /meprises.html https://rr0.org/science/crypto/ufo/enquete/meprise
Redirect /science/crypto/ufo/enquete/meprise/boreal https://rr0.org/science/crypto/ufo/enquete/meprise/aurore
Redirect /science/crypto/ufo/meprise/aurore https://rr0.org/science/crypto/ufo/enquete/meprise/aurore
Redirect /science/crypto/ufo/enquete/meprise/FeuxFollets.html https://rr0.org/science/crypto/ufo/enquete/meprise/feufollet
Redirect /Meteore.html https://rr0.org/science/crypto/ufo/enquete/meprise/rentree/meteore
Redirect /science/crypto/ufo/enquete/meprise/rentree/meteore https://rr0.org/science/crypto/ufo/enquete/meprise/rentree/meteore
Redirect /Ballon.html https://rr0.org/science/crypto/ufo/enquete/meprise/ballon
Redirect /Nuages.html https://rr0.org/science/crypto/ufo/enquete/meprise/nuage
Redirect /FeuxFollets.html https://rr0.org/science/crypto/ufo/enquete/meprise/FeuxFollets.html
Redirect /science/crypto/ufo/enquete/meprise/insectes/ https://rr0.org/science/crypto/ufo/enquete/meprise/insecte
Redirect /PilierDeSoleil.html https://rr0.org/science/crypto/ufo/enquete/meprise/optique/PilierDeSoleil.html
Redirect /PilierDeLumiere.html https://rr0.org/science/crypto/ufo/enquete/meprise/optique/pilier
Redirect /science/crypto/ufologie/enquete/meprise/illusion/ https://rr0.org/science/crypto/ufo/enquete/meprise/optique/
Redirect /SaintElme.html https://rr0.org/science/crypto/ufo/enquete/meprise/elme/
Redirect /insectes/ https://rr0.org/science/crypto/ufo/enquete/meprise/insectes/
Redirect /Sceptiques.html https://rr0.org/science/crypto/ufo/analyse/scepticisme
Redirect /StarJelly.html https://rr0.org/science/crypto/ufo/enquete/indice/residu/StarJelly/
Redirect /CheveuxAnge.html https://rr0.org/science/crypto/ufo/enquete/indice/residu/filament/
Redirect /Films.html https://rr0.org/science/crypto/ufo/enquete/indice/film
Redirect /Photo.html https://rr0.org/science/crypto/ufo/enquete/indice/photo
Redirect /Radar.html https://rr0.org/science/crypto/ufo/enquete/indice/radar
Redirect /science/crypto/ufo/enquete/indice/temoignage https://rr0.org/science/crypto/ufo/enquete/indice/temoignage
Redirect /Absurde.html https://rr0.org/science/crypto/ufo/analyse/absurde
Redirect /science/crypto/ufo/analyse/absurde https://rr0.org/science/crypto/ufo/analyse/absurde
Redirect /science/crypto/ufo/enquete/analyse https://rr0.org/science/crypto/ufo/analyse
Redirect /Presse.html https://rr0.org/science/crypto/ufo/observation/media/presse
Redirect /science/crypto/ufo/observation/media/presse https://rr0.org/science/crypto/ufo/observation/media/presse
Redirect /Invisibilite.html https://rr0.org/science/crypto/ufo/observation/pan/aspect/Invisibilite.html
Redirect /Dossier/1908-06-30_Tunguska/ https://rr0.org/science/crypto/ufo/enquete/dossier/Tunguska/
Redirect /Dossier/1998-01-10_Haravilliers https://rr0.org/science/crypto/ufo/enquete/dossier/Haravilliers
Redirect /1908-06-30_Tunguska.html https://rr0.org/science/crypto/ufo/enquete/dossier/Tunguska
Redirect /science/crypto/ufo/enquete/dossier/Amplefort https://rr0.org/science/crypto/ufo/enquete/dossier/Byland
Redirect /Mutil.html https://rr0.org/science/crypto/ufo/enquete/dossier/MutilationsBetail
Redirect /Mothman.html https://rr0.org/science/crypto/ufo/enquete/dossier/Mothman
Redirect /Airships.html https://rr0.org/science/crypto/ufo/enquete/dossier/Airships
Redirect /MJ-12.html https://rr0.org/science/crypto/ufo/enquete/dossier/MJDocs/MJ-12.html
Redirect /FooFighters.html https://rr0.org/science/crypto/ufo/enquete/dossier/FooFighters
Redirect /Dossier/1947-06-24_Arnold https://rr0.org/science/crypto/ufo/enquete/dossier/MontRainier
Redirect /science/crypto/ufo/enquete/dossier/Arnold https://rr0.org/science/crypto/ufo/enquete/dossier/MontRainier
Redirect /time/1942/02/25/LosAngeles https://rr0.org/science/crypto/ufo/enquete/dossier/LosAngeles
Redirect /time/1/9/4/2/02/25/LosAngeles https://rr0.org/science/crypto/ufo/enquete/dossier/LosAngeles
Redirect /Dossier/1942-02-25_LosAngeles https://rr0.org/science/crypto/ufo/enquete/dossier/LosAngeles
Redirect /1990-04_PetitRechain.html https://rr0.org/science/crypto/ufo/enquete/dossier/PetitRechain/
Redirect /science/crypto/ufo/enquete/PetitRechain https://rr0.org/science/crypto/ufo/enquete/dossier/PetitRechain/
Redirect /Dossier/1971-09-04_CostaRica https://rr0.org/science/crypto/ufo/enquete/dossier/CostaRica
Redirect /Dossier/1950-04-27_Goshen/ https://rr0.org/science/crypto/ufo/enquete/dossier/Goshen/
Redirect /Dossier/GiantSatelliteUfos/ https://rr0.org/science/crypto/ufo/enquete/dossier/GiantSatelliteUfos/
Redirect /Dossier/1974-11-09_Carbondale/ https://rr0.org/science/crypto/ufo/enquete/dossier/Carbondale/
Redirect /Dossier/1959-06-26_Boianai/ https://rr0.org/science/crypto/ufo/enquete/dossier/Boianai/
Redirect /Dossier/1961-04-27_Pescara/ https://rr0.org/science/crypto/ufo/enquete/dossier/Pescara/
Redirect /Ezechiel.html https://rr0.org/science/crypto/ufo/enquete/dossier/Ezechiel
Redirect /Bentwaters.html https://rr0.org/science/crypto/ufo/enquete/dossier/Bentwaters
Redirect /Abydos.html https://rr0.org/science/crypto/archeo/enquete/dossier/Abydos
Redirect /Vimanas.html https://rr0.org/science/crypto/archeo/enquete/dossier/Vimanas
Redirect /science/crypto/ufo/enquete/dossier/Vimanas https://rr0.org/science/crypto/archeo/enquete/dossier/Vimanas
Redirect /dropa.html https://rr0.org/science/crypto/archeo/astro/enquete/dossier/Dropas
Redirect /science/crypto/ufo/enquete/dossier/Dropas https://rr0.org/science/crypto/archeo/astro/enquete/dossier/Dropas
Redirect /Documents/Articles/TheStonedisksOfBaianKaraUla.html https://rr0.org/science/crypto/archeo/astro/enquete/dossier/Dropas/TheStonedisksOfBaianKaraUla.html
Redirect /Okinawa.html https://rr0.org/science/crypto/archeo/enquete/dossier/Okinawa/
Redirect /science/crypto/ufo/enquete/dossier/Dropas/ https://rr0.org/science/crypto/archeo/astro/enquete/dossier/Dropas
Redirect /VagueBelge.html https://rr0.org/science/crypto/ufo/enquete/dossier/VagueBelge/
Redirect /Dossier/1961-09-19_Hill/ https://rr0.org/science/crypto/ufo/enquete/dossier/Hill/
Redirect /1961-09-19_Hill.html https://rr0.org/science/crypto/ufo/enquete/dossier/Hill
Redirect /Holloman.html https://rr0.org/science/crypto/ufo/enquete/dossier/Holloman/
Redirect /HollomanAFB.html https://rr0.org/org/us/dod/af/base/HollomanAFB.html
Redirect /MantellThomas.html https://rr0.org/science/crypto/ufo/enquete/dossier/Mantell/
Redirect /VillaBoasAntonio.html https://rr0.org/science/crypto/ufo/enquete/dossier/VillasBoas/
Redirect /time/1982/10/21/Amarantes/ https://rr0.org/science/crypto/ufo/enquete/dossier/Amarantes/
Redirect /Ummo.html https://rr0.org/science/crypto/ufo/enquete/dossier/Ummo/
Redirect /CropCircles.html https://rr0.org/science/crypto/ufo/enquete/dossier/CropCircle/
Redirect /LuneCanular.html https://rr0.org/science/crypto/ufo/enquete/dossier/LuneCanular/
Redirect /Dossier/1954-08-16_Tananarive https://rr0.org/science/crypto/ufo/enquete/dossier/Tananarive
Redirect /TerreCreuse.html https://rr0.org/science/crypto/ufo/enquete/dossier/TerreCreuse/
Redirect /time/1/9/4/3/Philadelphia https://rr0.org/science/crypto/ufo/enquete/dossier/Philadelphia
Redirect /Philadel.html https://rr0.org/science/crypto/ufo/enquete/dossier/Philadelphia/
Redirect /Montauk.html https://rr0.org/science/crypto/ufo/enquete/dossier/Philadelphia/Montauk.html
Redirect /place/systeme/solaire/planete/terre/amer/n/us/nm/Roswell.html https://rr0.org/org/us/state/nm/roswell/
Redirect /science/crypto/ufo/enquete/dossier/Roswell_Penthouse https://rr0.org/science/crypto/ufo/enquete/dossier/RoswellPenthouse
Redirect /Documents/Articles/1996-09_Roswell_Penthouse.html https://rr0.org/science/crypto/ufo/enquete/dossier/RoswellPenthouse
Redirect /science/crypto/ufo/enquete/dossier/Roswell_Penthouse/index_fr.html https://rr0.org/science/crypto/ufo/enquete/dossier/RoswellPenthouse/index.html
Redirect /Galileo.html https://rr0.org/science/crypto/ufo/enquete/dossier/Galileo/
Redirect /Dossier/1608_Article https://rr0.org/time/1608/Signes
Redirect /Dossier/1952-10-17_Oloron https://rr0.org/science/crypto/ufo/enquete/dossier/Oloron/
Redirect /Dossier/1955-08-21_Kelly-Hopkinsville/ https://rr0.org/science/crypto/ufo/enquete/dossier/Kelly-Hopkinsville/
Redirect /Documents/Articles/1953-09_Plantier.html https://rr0.org/time/1953/09/Plantier_UneHypothese/
Redirect /1953-09_Plantier.html https://rr0.org/time/1953/09/Plantier_UneHypothese/
Redirect /org/orgAssociations.html https://rr0.org/org/associations.html
Redirect /FBI.html https://rr0.org/org/us/ic/fbi
Redirect /CIA.html https://rr0.org/org/us/ic/cia
Redirect /NASA.html https://rr0.org/org/us/nasa
Redirect /NSA.html https://rr0.org/org/us/ic/nsa
Redirect /NRO.html https://rr0.org/org/us/dod/NRO.html
Redirect /org/us/IAS.html https://rr0.org/org/us/university/princeton/ias
Redirect /Magnet.html https://rr0.org/science/crypto/ufo/observation/projet/Magnet.html
Redirect /Hessdalen.html https://rr0.org/science/crypto/ufo/observation/projet/Hessdalen
Redirect /MKUltra.html https://rr0.org/org/us/ic/cia/projet/MKUltra.html
Redirect /MKDelta.html https://rr0.org/org/us/ic/cia/projet/MKDelta.html
Redirect /Robertson.html https://rr0.org/org/us/ic/cia/projet/Robertson
Redirect /Area51.html https://rr0.org/org/us/dod/af/base/Area51
Redirect /org/us/GOC.html https://rr0.org/org/us/dod/af/goc
Redirect /Skyhook.html https://rr0.org/org/us/dod/navy/projet/skyhook
Redirect /org/us/dod/af/base/MinotAFB.html https://rr0.org/org/us/dod/af/base/Minot
Redirect /Hangar18.html https://www.rr0.org/org/us/dod/af/base/WPAFB/Hangar18
Redirect /Princeton.html https://rr0.org/org/us/university/princeton
Redirect /org/us/university/Princeton https://rr0.org/org/us/university/princeton
Redirect /ColoradoProject.html https://rr0.org/org/us/university/colorado/projet/condon
Redirect /cnrs/ https://rr0.org/org/eu/fr/cnrs/
Redirect /org/eu/be/association/SOBEPS.html https://rr0.org/org/eu/be/asso/sobeps
Redirect /org/eu/uk https://rr0.org/org/uk
Redirect /GEPAN.html https://rr0.org/org/eu/fr/cnes/gepan
Redirect /SEPRA.html https://rr0.org/org/eu/fr/cnes/sepra
Redirect /GEIPAN.html https://rr0.org/org/eu/fr/cnes/geipan/
Redirect /SOBEPS.html https://rr0.org/org/eu/be/asso/sobeps
Redirect /IGY.html https://rr0.org/org/int/igy
Redirect /ONU.html https://rr0.org/org/int/onu
Redirect /Bilderberg.html https://rr0.org/org/int/asso/Bilderberg
Redirect /org/int/association https://rr0.org/org/int/asso
Redirect /ClubDeRome.html https://rr0.org/org/int/asso/ClubDeRome.html
Redirect /org/int/asso/Bilderberg.html https://rr0.org/org/int/asso/Bilderberg
Redirect /Illuminati.html https://rr0.org/org/int/asso/Illuminati.html
Redirect /BellLabs.html https://rr0.org/org/us/laboratory/BellLabs.html
Redirect /AmazingStories.html https://rr0.org/org/us/media/press/AmazingStories.html
Redirect /USAF.html https://rr0.org/org/us/dod/af
Redirect /org/us/dod/DIA.html https://rr0.org/org/us/dod/dia
Redirect /science/crypto/ufo/enquete/meprise/mirage https://rr0.org/science/crypto/ufo/enquete/meprise/illusion
Redirect /parhelie https://rr0.org/science/crypto/ufo/enquete/meprise/illusion/parhelie
Redirect /enquete/meprise/parhelie https://rr0.org/science/crypto/ufo/enquete/meprise/illusion/parhelie
Redirect /Pluies.html https://rr0.org/time/pluies
Redirect /time/Pluies.html https://rr0.org/time/pluies
Redirect /PluiesDeSang.html https://rr0.org/time/pluies/sang
Redirect /time/PluiesDeSang.html https://rr0.org/time/pluies/sang
Redirect /science/crypto/ufo/observation/historique/PluiesDeSang.html https://rr0.org/time/pluies/sang
Redirect /Documents/Officiels/condon/case46.htm https://rr0.org/time/1/9/6/8/CondonReport/s4/c3/case46.htm
Redirect /time/1/9/6/8/CondonReport/s6/c09/index.html#s3 https://rr0.org/time/1/9/6/8/CondonReport/s6/c09/s3
Redirect /time/1/9/6/3/05/OuiIlYAUnProblemeSoucoupeVolantes_MichelAime.html https://rr0.org/time/1/9/6/3/05/Michel_OuiIlYAUnProblemeSoucoupeVolantes_Planete
Redirect /Documents/Officiels/condon https://rr0.org/time/1/9/6/8/CondonReport
Redirect /time/1/9/6/8/CondonReport/s5/c1/tulli.html https://rr0.org/time/1/9/6/8/CondonReport/s5/c1/8
Redirect /time/1/9/6/8/CondonReport/s4/case38.htm https://rr0.org/time/1/9/6/8/CondonReport/s4/c2/case38.htm
Redirect /Documents/Officiels/Symposium https://rr0.org/time/1/9/6/8/07/29/Symposium
Redirect /time/1/9/6/8/07/29/Symposium/shepard.html https://rr0.org/time/1/9/6/8/07/29/Symposium/Shepard/
Redirect /1948.html https://rr0.org/time/1/9/4/8
Redirect /1961.html https://rr0.org/time/1/9/6/1
Redirect /1966.html https://rr0.org/time/1/9/6/6
Redirect /1968.html https://rr0.org/time/1/9/6/8
Redirect /time/1968 https://rr0.org/time/1/9/6/8
Redirect /1973.html https://rr0.org/time/1/9/7/3
Redirect /1974.html https://rr0.org/time/1/9/7/4
Redirect /1975.html https://rr0.org/time/1/9/7/5
Redirect /1984.html https://rr0.org/time/1/9/8/4
Redirect /1952_2.html https://rr0.org/time/1/9/5/2/07
Redirect /Agobard.html https://rr0.org/science/crypto/ufo/enquete/dossier/GreleTonnerre
Redirect /Astronomes.html https://rr0.org/people/Astronomes.html
Redirect /personne/a/Astronomes.html https://rr0.org/people/Astronomes.html
Redirect /AllenCarlMeredith.html https://rr0.org/people/a/AllenCarlMeredith
Redirect /AdairDavid.html https://rr0.org/people/a/AdairDavid
Redirect /AdamskiGeorge.html https://rr0.org/people/a/AdamskiGeorge
Redirect /AldrinEdwinE.html https://rr0.org/people/a/AldrinEdwinE
Redirect /AlvarezLuisW.html https://rr0.org/people/a/AlvarezLuisW
Redirect /AndersonWalterS.html https://rr0.org/people/a/AndersonWalterS
Redirect /people/a/Anaximandre.html https://rr0.org/people/a/Anaximandre
Redirect /ArnoldKenneth.html https://rr0.org/people/a/ArnoldKennethE
Redirect /people/a/Aristote/Aristote.html https://rr0.org/people/a/Aristote
Redirect /people/a/ArmstrongMaryLouise.html https://rr0.org/people/a/ArmstrongMaryLouise
Redirect /AsselineMichel.html https://rr0.org/people/a/AsselineMichel
Redirect /people/b/BormanFrank.html https://rr0.org/people/b/BormanFrank
Redirect /people/b/BowerDonald.html https://rr0.org/people/b/BowerDonald
Redirect /BakerRobertML.html https://rr0.org/people/b/BakerRobertML
Redirect /BallesterOlmosVicenteJuan.html https://rr0.org/people/b/BallesterOlmosVicenteJuan
Redirect /BalducciCorrado.html https://rr0.org/people/b/BalducciCorrado
Redirect /BaraunaAlmiro.html https://rr0.org/people/b/BaraunaAlmiro
Redirect /people/b/BarrowRobert.html https://rr0.org/people/b/BarrowRobert
Redirect /people/b/BarkerGrayRoscoe https://rr0.org/people/b/BarkerGray
Redirect /BeauJerome.html https://rr0.org/people/b/BeauJerome
Redirect /BidaultBernard.html https://rr0.org/people/b/BidaultBernard
Redirect /BloecherTed.html https://rr0.org/people/b/BloecherTed
Redirect /BoitteFranck.html https://rr0.org/people/b/BoitteFranck
Redirect /BonvinFabrice.html https://rr0.org/people/b/BonvinFabrice
Redirect /people/b/BourbeauFrancoisC.html https://rr0.org/people/b/BourbeauFrancoisC
Redirect /people/b/BossonYves.html https://rr0.org/people/b/BossonYves
Redirect /people/BossonYves.html https://rr0.org/people/b/BossonYves
Redirect /BoscClaude.html https://rr0.org/people/b/BoscClaude
Redirect /people/b/BoShi.html https://rr0.org/people/b/BoShi
Redirect /people/b/BoudierAlain.html https://rr0.org/people/b/BoudierAlainH
Redirect /people/b/BrunoGiordano.html https://rr0.org/people/b/BrunoGiordano
Redirect /BouniasMichel.html https://rr0.org/people/b/BouniasMichel
Redirect /BlanchardWilliamHugh https://rr0.org/science/crypto/ufo/enquete/dossier/Roswell/BlanchardWilliamHugh
Redirect /BourretJeanClaude.html https://rr0.org/people/b/BourretJeanClaude
Redirect /BourdaisGildas.html https://rr0.org/people/b/BourdaisGildas
Redirect /people/b/BoyleRobert.html https://rr0.org/people/b/BoyleRobert
Redirect /people/b/BoylanRichardJ.html https://rr0.org/people/b/BoylanRichardJ
Redirect /BrayArthurReid.html https://rr0.org/people/b/BrayArthurReid
Redirect /people/b/BrazelWilliamW.html https://rr0.org/people/b/BrazelWilliamWare
Redirect /BreysseDenis.html https://rr0.org/people/b/BreysseDenis
Redirect /BrzezinskiZbigniew.html https://rr0.org/people/b/BrzezinskiZbigniew
Redirect /BruneauJeanLuc.html https://rr0.org/people/b/BruneauJeanLuc
Redirect /BrownThomasTownsend.html https://rr0.org/people/b/BrownThomasTownsend
Redirect /BrownGeorgeScratchley.html https://rr0.org/people/b/BrownGeorgeScratchley
Redirect /BryanJoseph.html https://rr0.org/people/b/BryanJoseph
Redirect /BryantLarryW.html https://rr0.org/people/b/BryantLarryW
Redirect /BushGeorgeHerbertWalker.html https://rr0.org/people/b/BushGeorgeHerbertWalker
Redirect /BushVannevar.html https://rr0.org/people/b/BushVannevar
Redirect /ByrdRichardEvelyn.html https://rr0.org/people/b/ByrdRichardEvelyn
Redirect /people/c/CabellCharlesPearre.html https://rr0.org/people/c/CabellCharlesPearre
Redirect /CarterJamesEarl.html https://rr0.org/people/c/CarterJamesEarl
Redirect /people/c/CarpenterJoel.html https://rr0.org/people/c/CarpenterJoel
Redirect /people/c/CavittSheridan.html https://rr0.org/people/c/CavittSheridan
Redirect /ChaloupekHenri.html https://rr0.org/people/c/ChaloupekHenri
Redirect /CharrouxRobert.html https://rr0.org/people/c/CharrouxRobert
Redirect /people/c/CharrouxRobert.html https://rr0.org/people/c/CharrouxRobert
Redirect /ClarkeArthurC.html https://rr0.org/people/c/ClarkeArthurC
Redirect /people/c/ClarkJeromeE https://rr0.org/people/c/ClarkJerome
Redirect /people/c/ClarkeArthurC.html https://rr0.org/people/c/ClarkeArthurC
Redirect /people/c/Clarkson.html https://rr0.org/people/c/Clarkson
Redirect /people/c/CorlissWilliamR https://rr0.org/people/c/CorlissWilliamRoger
Redirect /people/c/CoutenFrancois.html https://rr0.org/people/c/CoutenFrancois
Redirect /CrowhurstDonaldC.html https://rr0.org/people/c/CrowhurstDonaldC
Redirect /ChassinLionelMax.html https://rr0.org/people/c/ChassinLionelMax
Redirect /people/ChassinLionelMax https://rr0.org/people/c/ChassinLionelMax
Redirect /ChopAlbertM.html https://rr0.org/people/c/ChopAlbertM
Redirect /people/c/ChopAlbertM.html https://rr0.org/people/c/ChopAlbertM
Redirect /people/c/CochardJeanPierre.html https://rr0.org/people/c/CochardJeanPierre
Redirect /CommanderX.html https://rr0.org/people/c/CommanderX.html
Redirect /CooperLeroyGordon.html https://rr0.org/people/c/CooperLeroyGordon
Redirect /CooperWilliamMilton.html https://rr0.org/people/c/CooperWilliamMilton
Redirect /CorsoPhilipJames.html https://rr0.org/people/c/CorsoPhilipJ
Redirect /people/c/CorsoPhilipJames https://rr0.org/people/c/CorsoPhilipJ
Redirect /people/c/CortileLinda.html https://rr0.org/people/n/NapolitanoLinda
Redirect /people/n/NeashamRobertS.html https://rr0.org/people/n/NeashamRobertS
Redirect /people/n/NimitzChesterW.html https://rr0.org/people/n/NimitzChester
Redirect /people/n/NixonRichard https://rr0.org/people/n/NixonRichard
Redirect /CunninghamRWalter.html https://rr0.org/people/c/CunninghamRWalter
Redirect /CrismanFredLee.html https://rr0.org/people/c/CrismanFredLee
Redirect /DEscathaYannick.html https://rr0.org/people/d/DEscathaYannick
Redirect /DevereuxPaul.html https://rr0.org/people/d/DevereuxPaul
Redirect /people/DotyRichardC https://rr0.org/people/d/DotyRichardC
Redirect /people/d/DrakeWalterRaymond.html https://rr0.org/people/d/DrakeWalterRaymond
Redirect /DubocJeanCharles.html https://rr0.org/people/d/DubocJeanCharles
Redirect /FermiEnrico.html https://rr0.org/people/f/FermiEnrico/
Redirect /people/f/FahrneyDelmerS.html https://rr0.org/people/f/FahrneyDelmerS/
Redirect /people/f/FriendRobertJ.html https://rr0.org/people/f/FriendRobertJ/
Redirect /people/FeyerabendPaul https://rr0.org/people/f/FeyerabendPaul/
Redirect /people/f/FiguetMichel.html https://rr0.org/people/f/FiguetMichel/
Redirect /FontesOlavoT.html https://rr0.org/people/f/FontesOlavoT/
Redirect /ForrestalJamesVincent.html https://rr0.org/people/f/ForrestalJamesVincent/
Redirect /FortCharlesHoy.html https://rr0.org/people/f/FortCharles/
Redirect /people/f/FortCharlesHoy https://rr0.org/people/f/FortCharles/
Redirect /FouereFrancine.html https://rr0.org/people/f/FouereFrancine/
Redirect /people/FouereRene https://rr0.org/people/f/FouereRene/
Redirect /FowlerRaymondE.html https://rr0.org/people/f/FowlerRaymondE/
Redirect /FriedmanStanton.html https://rr0.org/people/f/FriedmanStantonT
Redirect /people/f/FregnaleAndre.html https://rr0.org/people/f/FregnaleAndre
Redirect /people/f/FullerJohnG.html https://rr0.org/people/f/FullerJohnG
Redirect /pilotes.html https://rr0.org/people/pilotes.html
Redirect /people/p/pilotes.html https://rr0.org/people/pilotes.html
Redirect /PatenetJacques.html https://rr0.org/people/p/PatenetJacques
Redirect /people/p/PageThornton.html https://rr0.org/people/p/PageThornton
Redirect /PlantierJean.html https://rr0.org/people/p/PlantierJean
Redirect /people/p/Ptolemee.html https://rr0.org/people/p/Ptolemee
Redirect /people/p/PeñaJoseLuisJordan https://rr0.org/people/p/PenaJoseLuisJordan
Redirect /people/g/GairyEric.html https://rr0.org/people/g/GairyEric
Redirect /GoodTimothy.html https://rr0.org/people/g/GoodTimothy
Redirect /people/g/GoodTimothy.html https://rr0.org/people/g/GoodTimothy
Redirect /pilotes.html#GiraudRene https://rr0.org/people/g/GiraudRene
Redirect /GoldwaterBarryM.html  https://rr0.org/people/g/GoldwaterBarry
Redirect /GuieuJimmy.html https://rr0.org/people/g/GuieuJimmy
Redirect /people/g/GuieuHenriAndre https://rr0.org/people/g/GuieuJimmy
Redirect /GuerinPierre.html https://rr0.org/people/g/GuerinPierre
Redirect /GresleJeanGabriel.html https://rr0.org/people/g/GresleJeanGabriel
Redirect /people/g/GreerStevenM.html https://rr0.org/people/g/GreerStevenM
Redirect /GrossPatrick.html https://rr0.org/people/g/GrossPatrick
Redirect /people/g/GrayGordonL.html https://rr0.org/people/g/GrayGordonL
Redirect /people/g/GruauJean.html https://rr0.org/people/g/GruauJean
Redirect /GutierezGregory.html https://rr0.org/people/g/GutierezGregory
Redirect /people/g/Gustoff.html https://rr0.org/people/g/Gustoff
Redirect /HainesRichardF.html https://rr0.org/people/h/HainesRichardF
Redirect /HalletMarc.html https://rr0.org/people/h/HalletMarc
Redirect /HallRichardH.html https://rr0.org/people/h/HallRichardH
Redirect /people/h/HalleyEdmund.html https://rr0.org/people/h/HalleyEdmund
Redirect /people/HansenMyrna https://rr0.org/people/h/HansenMyrna
Redirect /HarderJamesA.html https://rr0.org/people/h/HarderJamesA
Redirect /HartmannWilliamK.html https://rr0.org/people/h/HartmannWilliamK
Redirect /people/h/HastingsRobert.html https://rr0.org/people/h/HastingsRobert
Redirect /people/h/HeardGerald.html https://rr0.org/people/h/HeardGerald
Redirect /HershellWilliam.html https://rr0.org/people/h/HerschelWilliam/
Redirect /HershellWilliam/ https://rr0.org/people/h/HerschelWilliam/
Redirect /HillPaulR.html https://rr0.org/people/h/HillPaulR
Redirect /people/h/HillPaulR https://rr0.org/people/h/HillPaulR
Redirect /people/h/HillenkoetterRoscoeHenry https://rr0.org/people/h/HillenkoetterRoscoeHenry
Redirect /HoaglandRichardC.html https://rr0.org/people/h/HoaglandRichardC
Redirect /people/h/HopkinsHerbert.html https://rr0.org/people/h/HopkinsHerbert
Redirect /HynekJosefAllen/ https://rr0.org/people/h/HynekJosefAllen
Redirect /HynekJosefAllen/ https://rr0.org/people/h/HynekJosefAllen
Redirect /HynekJosephAllen.html https://rr0.org/people/h/HynekJosefAllen
Redirect /JacobsDavidMichael.html https://rr0.org/people/j/JacobsDavidMichael
Redirect /KaplanJoseph.html https://rr0.org/people/k/KaplanJoseph
Redirect /people/k/Kervandal.html https://rr0.org/people/k/KervendalGuillaume
Redirect /people/k/KillianPeter.html https://rr0.org/people/k/KillianPeter
Redirect /people/k/KirtonEdwinE.html https://rr0.org/people/k/KirtonEdwinE
Redirect /people/k/KissingerHenriAlfred https://rr0.org/people/k/KissingerHenry
Redirect /people/k/KissingerHenri https://rr0.org/people/k/KissingerHenry
Redirect /people/k/KlassPhilipJ https://rr0.org/people/k/KlassPhilipJ
Redirect /people/k/KlassPhillipJ https://rr0.org/people/k/KlassPhilipJ
Redirect /people/k/KnowlesHerbert.html https://rr0.org/people/k/KnowlesHerbert
Redirect /people/k/KorffKalK.html https://rr0.org/people/k/KorffKalK
Redirect /people/k/KorolevSerguei.html https://rr0.org/people/k/KorolevSerguei
Redirect /KudouMasaaki.html https://rr0.org/people/k/KudouMasaaki
Redirect /KuettnerJoachimP.html https://rr0.org/people/k/KuettnerJoachimP
Redirect /people/KuhnThomasSamuel.html https://rr0.org/people/k/KuhnThomasSamuel
Redirect /KuiperGerard.html https://rr0.org/people/k/KuiperGerard
Redirect /KeyhoeDonaldE.html https://rr0.org/people/k/KeyhoeDonaldE
Redirect /people/k/KeyhoeDonaldE https://rr0.org/people/k/KeyhoeDonaldE
Redirect /KrineJack.html https://rr0.org/people/k/KrineJack
redirect /people/KuhnThomasSamuel https://rr0.org/people/k/KuhnThomasSamuel
Redirect /LebeauAndre.html https://rr0.org/people/l/LebeauAndre
Redirect /LeslieDesmond.html https://rr0.org/people/l/LeslieDesmond
Redirect /LettyDenis.html https://rr0.org/people/l/LettyDenis
Redirect /people/l/LettyDenis.html https://rr0.org/people/l/LettyDenis
Redirect /LearJohn.html https://rr0.org/people/l/LearJohn/
Redirect /people/l/LearJohnO https://rr0.org/people/l/LearJohn/
Redirect /LePoerTrenchBrinsley.html https://rr0.org/people/l/LePoerTrenchBrinsley
Redirect /people/l/LePoerTrenchBrinsley.html https://rr0.org/people/l/LePoerTrenchBrinsley
Redirect /people/l/LeirRogerK.html https://rr0.org/people/l/LeirRogerK
Redirect /LeirRogerK.html https://rr0.org/people/l/LeirRogerK
Redirect /people/l/LeoneMateo.html https://rr0.org/people/l/LeoneMateo
Redirect /people/l/Levinson.html https://rr0.org/people/l/LevinsonHenry
Redirect /LhoteHenri.html https://rr0.org/people/l/LhoteHenri.html
Redirect /LovellJamesA.html https://rr0.org/people/l/LovellJamesA
Redirect /people/l/LovellJamesA.html https://rr0.org/people/l/LovellJamesA
Redirect /LouangeFrancois.html https://rr0.org/people/l/LouangeFrancois
Redirect /LorenzenCoralE/ https://rr0.org/people/l/LorenzenCoralE
Redirect /people/l/LorenzenCoralE/ https://rr0.org/people/l/LorenzenCoralE
Redirect /people/l/LorenzenLJames.html https://rr0.org/people/l/LorenzenJames
Redirect /people/l/LowRobertJ https://rr0.org/people/l/LowRobertJ
Redirect /people/LakatosImre https://rr0.org/people/l/LakatosImre
Redirect /LagrangePierre.html https://rr0.org/people/l/LagrangePierre
Redirect /LaPazLincoln.html https://rr0.org/people/l/LaPazLincoln
Redirect /people/l//LaPazLincoln.html https://rr0.org/people/l/LaPazLincoln
Redirect /LazarRobertScott.html https://rr0.org/people/l/LazarRobert
Redirect /people/l/LazarRobertScott https://rr0.org/people/l/LazarRobert
Redirect /LundahlArthurC.html https://rr0.org/people/l/LundahlArthurC
Redirect /people/l/LundahlArthurC.html https://rr0.org/people/l/LundahlArthurC
Redirect /people/LundahlArthurC.html https://rr0.org/people/l/LundahlArthurC
Redirect /BerlitzCharles.html https://rr0.org/people/b/BerlitzCharles
Redirect /BenderAlbertK.html https://rr0.org/people/b/BenderAlbertK
Redirect /MacArthurDouglas.html https://rr0.org/people/m/McArthurDouglas
Redirect /people/m/MarchettiVictor.html https://rr0.org/people/m/MarchettiVictor
Redirect /MaccabeeBruceSargent.html https://rr0.org/people/m/MaccabeeBruce/
Redirect /MaillotEric.html https://rr0.org/people/m/MaillotEric
Redirect /people/m/MaunderEWalter.html https://rr0.org/people/m/MaunderEdwardWalter
Redirect /people/m/MaccabeeBruce https://rr0.org/people/m/MaccabeeBruce/
Redirect /MacDivittJames.html https://rr0.org/people/m/MacDivittJames/
Redirect /MackJohnE.html https://rr0.org/people/m/MackJohnE/
Redirect /people/MackJohnE https://rr0.org/people/m/MackJohnE
Redirect /McDaniel_Report.html https://rr0.org/time/1/9/9/3/McDaniel_Report/
Redirect /people/contacte/MengerHoward https://rr0.org/people/m/MengerHoward
Redirect /org/eu/DGAC.html https://rr0.org/org/eu/fr/DGAC.html
Redirect /MitchellEdgarDean.html https://rr0.org/people/m/MitchellEdgar
Redirect /people/m/MitchellEdgarDean https://rr0.org/people/m/MitchellEdgar
Redirect /Dossier/1947-07-02_Roswell/MarcelJesseA.html https://rr0.org/people/m/MarcelJesseA
Redirect /ufo/enquete/dossier/Roswell/MarcelJesseA https://rr0.org/people/m/MarcelJesseA
Redirect /MarcelJesseA.html https://rr0.org/science/crypto/ufo/enquete/dossier/Roswell/MarcelJesseA/
Redirect /MarhicRenaud.html https://rr0.org/people/m/MarhicRenaud
Redirect /MaugeClaude.html https://rr0.org/people/m/MaugeClaude
Redirect /MeessenAuguste https://rr0.org/people/m/MeessenAuguste
Redirect /MeheustBertrand.html https://rr0.org/people/m/MeheustBertrand
Redirect /MeierEduardAlbert.html https://rr0.org/people/m/MeierEduardAlbert
Redirect /MenzelDonaldHoward.html https://rr0.org/people/m/MenzelDonaldHoward
Redirect /MesnardJoel.html https://rr0.org/people/m/MesnardJoel
Redirect /MichalakStephen.html https://rr0.org/people/m/MichalakStephen
Redirect /people/m/MichalakStephen.html https://rr0.org/people/m/MichalakStephen
Redirect /MichelAime.html https://rr0.org/people/m/MichelAime
Redirect /MillerPaul.html https://rr0.org/people/m/MillerPaul
Redirect /MontfortNelson.html https://rr0.org/people/m/MontfortNelson
Redirect /MonetPierre.html https://rr0.org/people/m/MonnetPierre
Redirect /MonnerieMichel.html https://rr0.org/people/m/MonnerieMichel
Redirect /MooreWilliamLeonard.html https://rr0.org/people/m/MooreWilliamL
Redirect /people/m/MooreWilliamLeonard https://rr0.org/people/m/MooreWilliamL
Redirect /MooreCharlesB.html https://rr0.org/people/m/MooreCharlesB
Redirect /MorayHenryT.html https://rr0.org/people/m/MorayHenryT
Redirect /MorganMichele.html https://rr0.org/people/m/MorganMichele
Redirect /people/o/OberthHermann.html https://rr0.org/people/o/OberthHermann
Redirect /OppenheimerRobertJulius.html https://rr0.org/people/o/OppenheimerRobertJulius
Redirect /ObsequensJulius.html https://rr0.org/people/o/ObsequensJulius
Redirect /people/o/ObsequensIulius https://rr0.org/people/o/ObsequensJulius
Redirect /OckhamGuillaume.html https://rr0.org/people/o/OckhamGuillaume
Redirect /people/o/OckhamGuillaume.html https://rr0.org/people/o/OckhamGuillaume
Redirect /people/o/OswaldJohnPaul.html https://rr0.org/people/o/OswaldJohn
Redirect /NicolaiRenato.html https://rr0.org/science/crypto/ufo/enquete/dossier/TransEnProvence
Redirect /NicolaRenato.html https://rr0.org/science/crypto/ufo/enquete/dossier/TransEnProvence
Redirect /people/p/PageThornton.html https://rr0.org/people/p/PageThornton
Redirect /PalmerRaymondA.html https://rr0.org/people/p/PalmerRay
Redirect /PalmerRaymond https://rr0.org/people/p/PalmerRay
Redirect /people/p/PatenetJacques.html https://rr0.org/people/p/PatenetJacques
Redirect /PellatRene.html https://rr0.org/people/p/PellatRene
Redirect /PetitJeanPierre.html https://rr0.org/people/p/PetitJeanPierre
Redirect /people/PetitJeanPierre https://rr0.org/people/p/PetitJeanPierre
Redirect /PetrakisPerry.html https://rr0.org/people/p/PetrakisPerry
Redirect /PersingerMichaelA.html https://rr0.org/people/p/PersingerMichaelA
Redirect /PflockKarlT.html https://rr0.org/people/p/PflockKarlT
Redirect /PinonGilles.html https://rr0.org/people/p/PinonGilles
Redirect /PopeNick.html https://rr0.org/people/p/PopeNick
Redirect /people/p/PopeNicholas https://rr0.org/people/p/PopeNick
Redirect /PoherClaude.html https://rr0.org/people/p/PoherClaude
Redirect /RameyRogerM.html https://rr0.org/people/r/RameyRogerM
Redirect /ReaganRonald.html https://rr0.org/people/r/ReaganRonald
Redirect /ReichWilhelm.html https://rr0.org/people/r/ReichWilhelm
Redirect /RibesJeanClaude.html https://rr0.org/people/r/RibesJeanClaude
Redirect /RiberaAntonio.htm https://rr0.org/people/r/RiberaAntonio
Redirect /people/r/RibesJeanClaude.html https://rr0.org/people/r/RibesJeanClaude
Redirect /RichardsonRobert.html https://rr0.org/people/r/RichardsonRobert
Redirect /RobertsonHaroldP/ https://rr0.org/people/r/RobertsonHaroldP
Redirect /RocardYves.html https://rr0.org/people/r/RocardYves
Redirect /people/r/RocherThierry https://rr0.org/people/r/RocherThierry
Redirect /RodeghierMark.html https://rr0.org/people/r/RodeghierMark
Redirect /RockefellerLaurance.html https://rr0.org/people/r/RockefellerLaurance
Redirect /people/r/RosparsJeanPierre.html https://rr0.org/people/r/RosparsJeanPierre
Redirect /RuppeltEdwardJ.html https://rr0.org/people/r/RuppeltEdwardJ
Redirect /people/r/RuppeltEdwardJ https://rr0.org/people/r/RuppeltEdwardJ
Redirect /RutledgeHarley.html https://rr0.org/people/r/RutledgeHarley
Redirect /science/crypto/ufo/enquete/dossier/Roswell/Films/SantilliRay.html https://rr0.org/people/s/SantilliRay
Redirect /people/s/SalisburyFrankB.html https://rr0.org/people/s/SalisburyFrankB
Redirect /SaganCarl.html https://rr0.org/people/s/SaganCarl
Redirect /people/s/SaganCarl https://rr0.org/people/s/SaganCarl
Redirect /people/s/SchirmerHebert.html https://rr0.org/science/crypto/ufo/enquete/dossier/SchirmerHerbert
Redirect /science/crypto/ufo/enquete/dossier/SchirmerHebert https://rr0.org/science/crypto/ufo/enquete/dossier/SchirmerHerbert
Redirect /people/s/SchaefferRobert.html https://rr0.org/people/s/SchaefferRobert
Redirect /people/s/SchmidtDonald.html https://rr0.org/people/s/SchmidtDonald
Redirect /SchuesslerJohnF.html https://rr0.org/people/s/SchuesslerJohnF
Redirect /ScornauxJacques.html https://rr0.org/people/s/ScornauxJacques
Redirect /people/s/SeitzFrederick https://rr0.org/people/s/SeitzFrederick
Redirect /people/s/SerreDidier.html https://rr0.org/people/s/SerresDidier
Redirect /ShuttlewoodArthur.html https://rr0.org/people/s/ShuttlewoodArthur
Redirect /people/m/MaussanJaime.html https://rr0.org/people/m/MaussanJaime
Redirect /ShanderaJaime.html https://rr0.org/people/s/ShanderaJaime
Redirect /ShaverRichardSharpe.html https://rr0.org/people/s/ShaverRichardSharpe
Redirect /ShepardRogerN.html https://rr0.org/people/s/ShepardRogerN
Redirect /SiderJean.html https://rr0.org/people/s/SiderJean
Redirect /people/s/SiderJean.html https://rr0.org/people/s/SiderJean
Redirect /SillardYves.html https://rr0.org/people/s/SillardYves
Redirect /people/SillardYves https://rr0.org/people/s/SillardYves
Redirect /people/s/SimonBenjamin.html https://rr0.org/people/s/SimonBenjamin
Redirect /SparksBrad https://rr0.org/people/s/SparksBrad
Redirect /SmithEmilJ.html https://rr0.org/people/s/SmithEmilJ
Redirect /SmithWilbertBrooker.html https://rr0.org/people/s/SmithWilbertBrooker
Redirect /SmithMarciaS.html https://rr0.org/people/s/SmithMarciaS
Redirect /people/s/SmithWilly.html https://rr0.org/people/s/SmithWilly
Redirect /SoubirousBernadette.html https://rr0.org/people/s/SoubirousBernadette
Redirect /people/SoubirousBernadette https://rr0.org/people/s/SoubirousBernadette
Redirect /SpielbergSteven.html https://rr0.org/people/s/SpielbergSteven
Redirect /StevensWendelleC.html https://rr0.org/people/s/StevensWendelleC
Redirect /SturrockPeterA.html https://rr0.org/people/s/SturrockPeterA
Redirect /StrandErlingP https://rr0.org/people/s/StrandErlingP
Redirect /people/s/StruveOtto.html https://rr0.org/people/s/StruveOtto
Redirect /people/s/SteinmanWilliamS.html https://rr0.org/people/s/SteinmanWilliamS
Redirect /StringfieldLeonardH.html https://rr0.org/people/s/StringfieldLeonardH
Redirect /people/o/OlsonBrad https://rr0.org/people/s/SteigerBrad
Redirect /SwordsMichael.html https://rr0.org/people/s/SwordsMichaelD
Redirect /TaradeGuy.html https://rr0.org/people/t/TaradeGuy
Redirect /TellerEdward.html https://rr0.org/people/t/TellerEdward
Redirect /TeodoraniMassimo.html https://rr0.org/people/t/TeodoraniMassimo
Redirect /TeslaNikola.html https://rr0.org/people/t/TeslaNikola/
Redirect /people/t/ThirouinMarc.html https://rr0.org/people/t/ThirouinMarc
Redirect /ThouanelBernard.html https://rr0.org/people/t/ThouanelBernard
Redirect /people/t/ThouanelBernard.html https://rr0.org/people/t/ThouanelBernard
Redirect /TombaughClydeWilliam.html https://rr0.org/people/t/TombaughClydeWilliam
Redirect /people/t/ToddRobert https://rr0.org/people/t/ToddRobert
Redirect /people/t/ToddRobertGreer https://rr0.org/people/t/ToddRobert
Redirect /TroadecJeanPierre.html https://rr0.org/people/t/TroadecJeanPierre
Redirect /TrumanHarryS.html https://rr0.org/people/t/TrumanHarryS
Redirect /TruzziMarcello.html https://rr0.org/people/t/TruzziMarcello
Redirect /people/t/TyrodeJean.html https://rr0.org/people/t/TyrodeJean
Redirect /UryThomas.html https://rr0.org/people/u/UryThomas
Redirect /ValleeJacques.html https://rr0.org/people/v/ValleeJacques
Redirect /VanTasselGeorge.html https://rr0.org/people/v/VanTasselGeorge
Redirect /VelascoJeanJacques.html https://rr0.org/people/v/VelascoJeanJacques
Redirect /v/VelascoJeanJacques https://rr0.org/people/v/VelascoJeanJacques
Redirect /w/WillinghamRobert.html https://rr0.org/people/w/WillinghamRobert.html
Redirect /VeillithRaymond.html https://rr0.org/people/v/VeillithRaymond
Redirect /people/v/VeillithRaymond.html https://rr0.org/people/v/VeillithRaymond
Redirect /VeyretBernard.html https://rr0.org/people/v/VeyretBernard
Redirect /VillaApolinarA.html https://rr0.org/science/crypto/ufo/enquete/dossier/Villa
Redirect /people/v/VitonMaurice.html https://rr0.org/people/v/VitonMaurice/
Redirect /VorilhonClaude.html https://rr0.org/people/v/VorilhonClaude/
Redirect /people/VelikovskyImmanuel https://rr0.org/people/v/VelikovskyImmanuel
Redirect /VonBraunWernher.html https://rr0.org/people/v/VonBraunWernher
Redirect /VonDanikenErik.html https://rr0.org/people/v/VonDanikenErik
Redirect /people/c/ConnorsWendy.html https://rr0.org/people/c/ConnorsWendyAnn
Redirect /CopernicNicolas.html https://rr0.org/people/c/CopernicNicolas
Redirect /people/w/WaltonBruceAlan/Grudge13.html https://rr0.org/time/1995/03/26/Grudge13.html
Redirect /WalkerJosephA.html https://rr0.org/people/w/WalkerJosephA
Redirect /people/w/WalkerJosephA.html https://rr0.org/people/w/WalkerJosephA
Redirect /people/w/WaltersEdwardDaniel.html https://rr0.org/people/w/WaltersEdwardDaniel
Redirect /people/w/WatsonHaroldErnest https://rr0.org/people/w/WatsonHaroldE
Redirect /people/w/WebbWalter.html https://rr0.org/people/w/WebbWalterN
Redirect /people/w/WaltersEdwardDaniel.html https://rr0.org/people/w/WaltersEdwardDaniel
Redirect /people/WaltonBruceAlan https://rr0.org/people/w/WaltonBruceAlan
Redirect /people/w/WeinsteinDominique https://rr0.org/people/w/WeinsteinDominique
Redirect /people/w/WilkinsHaroldT.html https://rr0.org/people/w/WilkinsHaroldT
Redirect /people/w/WilkinsJohn.html https://rr0.org/people/w/WilkinsJohn
Redirect /WhiteEdward.html https://rr0.org/people/w/WhiteEdward
Redirect /WhiteRobertMichael.html https://rr0.org/people/w/WhiteRobertMichael
Redirect /people/w/WhiteRobertMichael.html https://rr0.org/people/w/WhiteRobertMichael
Redirect /WolfMichael.html https://rr0.org/people/w/WolfMichael
Redirect /WilliamsonGeorgeHunt.html https://rr0.org/people/h/HuntWilliamsonGeorge
Redirect /people/w/WilliamsonGeorgeHunt https://rr0.org/people/h/HuntWilliamsonGeorge
Redirect /Contactes.html https://rr0.org/people/contactes.html
Redirect /militaires.html https://rr0.org/people/militaires.html
Redirect /temoins.html https://rr0.org/people/witness/
Redirect /people/temoins.html https://rr0.org/people/witness/
Redirect /org/us/dod/af/ATIC.html https://rr0.org/org/us/dod/af/amc/atic
Redirect /Sign.html https://rr0.org/org/us/dod/af/amc/atic/projet/sign
Redirect /BlueBook.html https://rr0.org/org/us/dod/af/amc/atic/projet/bluebook/
Redirect /Grudge.html https://rr0.org/org/us/dod/af/amc/atic/projet/grudge
Redirect /Mogul.html https://rr0.org/org/us/dod/af/amc/Mogul
Redirect /SilverBug.html https://rr0.org/org/us/dod/af/projet/SilverBug
Redirect /Avrocar.html https://rr0.org/org/ca/Avro/Avrocar
Redirect /org/us/institute/SRI https://rr0.org/org/us/university/stanford/sri
Redirect /Brookings_Report.html https://rr0.org/org/us/institute/Brookings/projet/ImplicationsOfPeacefulSpaceActivitiesForHumanAffairs/
Redirect /ZA.html https://rr0.org/org/za
Redirect /Documents/Pratique/1977_Matrice_Poher.html https://rr0.org/time/1/9/7/7/Poher_Matrice
Redirect /Documents/Articles/2005-09-25_RFI_Sillard.html https://rr0.org/time/2/0/0/5/09/25/Sillard_RFI.html
Redirect /Documents/Articles/2001-08-21_CIA-UFO-History_IUR_Rodeigher.html https://rr0.org/time/2001/08/21/Rodeigher_CIA-UFO-History_IUR
Redirect /audio/2005-09-25_RFI_Sillard.html https://rr0.org/time/2/0/0/5/09/25/Sillard_RFI.html
Redirect /Documents/Etudes/Pocantico/ https://rr0.org/time/1/9/9/7/10/04/Pocantico/
Redirect /time/1/9/9/5/BestAvailableEvidence_Rockefeller https://rr0.org/time/1/9/9/5/12/15/BestAvailableEvidence_Rockefeller
Redirect /time/1953 https://rr0.org/time/1/9/5/3
Redirect /time/1981 https://rr0.org/time/1/9/8/1
Redirect /1990.html https://rr0.org/time/1/9/9/0
Redirect /1991.html https://rr0.org/time/1/9/9/1
Redirect /1992.html https://rr0.org/time/1/9/9/2
Redirect /1993.html https://rr0.org/time/1/9/9/3
Redirect /1993.html https://rr0.org/time/1/9/9/3
Redirect /Pocantico.html https://rr0.org/science/crypto/ufo/analyse/Projet/Pocantico.html
Redirect /Documents/Articles/Hynek/1981-07_UFOPhenomenonLaughLaughStudy_TechnologyReview_Hynek_fr.html https://rr0.org/time/1/9/8/1/07/Hynek_UFOPhenomenonLaughLaughStudy_TechnologyReview/
Redirect /Documents/Articles/1963-05_OuiIlYAUnProblemeSoucoupeVolantes_MichelAime.html https://rr0.org/time/1963/05/OuiIlYAUnProblemeSoucoupeVolantes_MichelAime.html
Redirect /Documents/Articles/Hynek/1952-12_UnusualAerialPhenomena_JOSA_Hynek.html https://rr0.org/time/1/9/5/2/12/22/Hynek_UnusualAerialPhenomena_JOSA/
Redirect /Documents/Officiels/1947-12-27_SaucerProjectReport.html https://rr0.org/time/1/9/4/7/12/27/SaucerProjectReport/
Redirect /Documents/Officiels/1947-10-28_Schulgen.html https://rr0.org/time/1/9/4/7/10/28/Schulgen_Memo/
Redirect /Documents/Officiels/1947-09-23_TwiningOpinionAMC.html https://rr0.org/time/1/9/4/7/09/23/TwiningOpinionAMC/
Redirect /Documents/Officiels/FBI/1947-07-14_Aldrich_Rhodes_fr.html https://rr0.org/time/1/9/4/7/07/14/FBI_Rhodes/
Redirect /Documents/Officiels/FBI/1947-07-08_FBI_Teletype.html https://rr0.org/time/1/9/4/7/07/08/FBI_Roswell_Teletype/
Redirect /Documents/Officiels/FBI/1947-07-07_FBI_fr.html https://rr0.org/time/1/9/4/7/07/07/FBI_Portland/
Redirect /Documents/Officiels/USAF/1948-12-10/ https://rr0.org/time/1/9/4/8/12/10/USAF_AirIntelligenceReport/
Redirect /Documents/Officiels/USAF/1948-11-08_FlyingObjectIncidentsInTheUnitedStates_McCoy_fr.html https://rr0.org/time/1/9/4/8/11/08/McCoy_FlyingObjectIncidentsInTheUnitedStates/
Redirect /Documents/Officiels/GreenFireballs_rapport.html https://rr0.org/time/1/9/4/9/GreenFireballsReport/
Redirect /Documents/Officiels/MoD/1951-06_FlyingSaucerWorkingParty_fr.html https://rr0.org/time/1/9/5/1/06/FlyingSaucerWorkingParty/
Redirect /Documents/Articles/1952-08-09_AirForceTimes_fr.html https://rr0.org/time/1/9/5/2/08/09/AirForceTimes/
Redirect /Documents/Articles/1952-08-04_Time_BlipsOnTheScopes.html https://rr0.org/time/1/9/5/2/08/04/BlipsOnTheScopes_Time
Redirect /Documents/Articles/1952-07-28_WashingtonPost.html https://rr0.org/time/1/9/5/2/07/28/SaucerOutranJetPilotReveals_WashingtonPost/
Redirect /Documents/Officiels/Stork/1952-04-25_StorkReport_1.html https://rr0.org/time/1/9/5/2/04/25/StorkReport_1/
Redirect /Documents/Officiels/Stork/1952-06-06_StorkReport_2.html https://rr0.org/time/1/9/5/2/06/06/StorkReport_2/
Redirect /Documents/Officiels/Stork/1952-07-07_StorkReport_3.html https://rr0.org/time/1/9/5/2/07/07/StorkReport_3/
Redirect /Documents/Officiels/Stork/1952-08-06_StorkReport_4.html https://rr0.org/time/1/9/5/2/08/06/StorkReport_4/
Redirect /Documents/Officiels/Stork/1952-09-10_StorkReport_5.html https://rr0.org/time/1/9/5/2/09/10/StorkReport_5/
Redirect /Documents/Officiels/Stork/1952-10-10_StorkReport_6.html https://rr0.org/time/1/9/5/2/10/10/StorkReport_6/
Redirect /Documents/Officiels/Stork/1952-11-10_StorkReport_7.html https://rr0.org/time/1/9/5/2/11/10/StorkReport_7/
Redirect /Documents/Articles/Life/1952-04-07_Life_fr.html https://rr0.org/time/1/9/5/2/04/07/HaveWeVisitorsFromSpace_Life/
Redirect /Documents/Articles/1954-12-03_AVRO_LeaderPost_29.html https://rr0.org/time/1954/12/03/AVRO_LeaderPost_29/
Redirect /Documents/Articles/1954-12-03_AVRO_LeaderPost.html https://rr0.org/time/1/9/5/4/12/03/AVRO_LeaderPost/
Redirect /science/crypto/ufo/enquete/dossier/Kinross/TwoMoreTruaxFliersMissing_StateJournal.html https://rr0.org/time/1/9/5/3/11/24/TwoMoreTruaxFliersMissing_StateJournal/index.html
Redirect /science/crypto/ufo/enquete/dossier/Kinross/TwoMoreTruaxFliersMissing_StateJournal_fr.html https://rr0.org/time/1/9/5/3/11/24/TwoMoreTruaxFliersMissing_StateJournal/index_fr.html
Redirect /Documents/Livres/Adamski/1955_InsideTheSpaceShips/ https://rr0.org/time/1/9/5/5/Adamski_InsideTheSpaceShips/
Redirect /Documents/Articles/1955-10-8_MacArthurGreetsMayorOfNaples_NewYorkTimes.html https://rr0.org/time/1/9/5/5/10/08/MacArthurGreetsMayorOfNaples_NewYorkTimes/
Redirect /Documents/Articles/1956-11-04_NYT_NICAP_fr.html https://rr0.org/time/1/9/5/6/11/04/NICAP_NewYorkTimes/
Redirect /Documents/Articles/1956-02-20_NYT_Paris_fr.html https://rr0.org/time/1/9/5/6/02/20/Paris_NewYorkTimes/
Redirect /Documents/Officiels/USN/1958-03-11_USNavy_Trinidad.html https://rr0.org/time/1958/03/11/USNavy_Trinidad/
Redirect /Documents/Articles/Trindade/1958-03-08_OCruzero_Trindad.html https://rr0.org/time/1958/03/08/BaraunaOnTrindade_OCruzero/
Redirect /Documents/Officiels/FAB/1958-03-03_Trindade.html https://rr0.org/time/1/9/5/8/03/03/Brasil_Marine_Report/
Redirect /Documents/Articles/Trindade/1958-02-25_LosAngelesTimes_Trindade_fr.html https://rr0.org/time/1958/02/25/Trindage_LosAngelesTimes/
Redirect /Documents/Articles/1959-09-19_SearchingForInterstellarCommunications_Morrison_Cocconi_fr.html https://rr0.org/time/1959/09/19/Morrison-Cocconi_SearchingForInterstellarCommunications/
Redirect /enquete/dossier/Dropas/1962-07_DasVegetarischeUniversum_fr.html https://rr0.org/time/1964/07/UfoNachrichten/
Redirect /science/crypto/ufo/enquete/Cergy https://rr0.org/science/crypto/ufo/enquete/dossier/Cergy
Redirect /Documents/Articles/Hynek/1966-12-17_HynekJosephAllen_AreFlyingSaucersReal_fr.html https://rr0.org/time/1/9/6/6/12/17/Hynek_AreFlyingSaucersReal/
Redirect /Documents/Articles/1966-11_SaucerDoctrine_Early_Marsh_fr.html https://rr0.org/time/1/9/6/6/11/SaucerDoctrine_Early_Marsh/
Redirect /Documents/Articles/1966-11-16_NewYorkTimes_Colorado_fr.html https://rr0.org/time/1/9/6/6/11/16/Colorado_NewYorkTimes/
Redirect /Documents/Articles/1966-10-21_NYT_McDonald_fr.html https://rr0.org/time/1/9/6/6/10/21/McDonald_NewYorkTimes/
Redirect /Documents/Articles/1966-10-10_UfosForReal_Newsweek_Hynek_fr.html https://rr0.org/time/1/9/6/6/10/10/Hynek_UfosForReal_Newsweek/
Redirect /Documents/Articles/1966-08_TheWheelInTheMiddleOfTheAir_Golomb_fr.html https://rr0.org/time/1/9/6/6/08/Golomb_TheWheelInTheMiddleOfTheAir/
Redirect /Documents/Articles/1966-08-14_NYT_BlueBook_fr.html https://rr0.org/time/1/9/6/6/08/14/BlueBook_NewYorkTimes/
Redirect /Documents/Articles/1966-03-28_NYT_Michigan_fr.html https://rr0.org/time/1/9/6/6/03/28/NYT_Michigan/
Redirect /Documents/Articles/true/key2.html https://rr0.org/time/1/9/6/6/01/Keyhoe_IKnowTheSecretOfTheFlyingSaucers_True/
Redirect /Documents/Articles/true/ https://rr0.org/time/1/9/6/7/true/
Redirect /Documents/Articles/1967_TheScientistAndTheUfo_BioScience_Salisbury.html https://rr0.org/time/1/9/6/7/TheScientistAndTheUfo_BioScience_Salisbury/
Redirect /Documents/Articles/Baker/1967-11_Baker.html https://rr0.org/time/1/9/6/7/11/Baker_ObservationalEvidenceOfAnomalisticPhenomena/
Redirect /Documents/Articles/McDonald/1967-08_UfosExtraterrestrialProbes_McDonald_fr.html https://rr0.org/time/1/9/6/7/08/McDonald_UfosExtraterrestrialProbes/
Redirect /enquete/dossier/Ferghana/1967-06_DesVisiteursDuCosmos_Zaitsev.html https://rr0.org/time/1/9/6/7/06/Zaitsev_DesVisiteursDuCosmos/
Redirect /Documents/Officiels/1967-12-13_Levine.html https://rr0.org/time/1/9/6/7/12/13/Levine_MemorandumToEarlyWarningNetwork/
Redirect /Documents/Officiels/1967-06-20_Saunders.html https://rr0.org/time/1/9/6/7/06/20/Saunders_MemoToEarlyWarningCoordinators/
Redirect /Documents/Articles/1967-05-15_UfosHistoricalPerspective_Earley_fr.html https://rr0.org/time/1/9/6/7/05/15/UfosHistoricalPerspective_Earley/
Redirect /Documents/Articles/1967-04_AnalysisOfUfoReports_Science_Powers_fr.html https://rr0.org/time/1/9/6/7/04/AnalysisOfUfoReports_Science_Powers/
Redirect /Documents/Articles/AIAA/1968-12_AIAALookUFOProblem.html https://rr0.org/time/1/9/6/8/12/AiaaLookUfoProblem/
Redirect /Documents/Officiels/RAND/1968-11-27_RAND.html https://rr0.org/time/1/9/6/8/11/27/RAND_UfosWhatToDo/
Redirect /Documents/Etudes/1968-06_UfosAndEtLife_Stanley_USAF_fr.html https://rr0.org/time/1/9/6/8/06/Stanley_UfosAndEtLife_USAF/
Redirect /Documents/Articles/1968-05-13_LibelSuitMayDevelopFromUfoHassle_ScientificResearch_fr.html https://rr0.org/time/1/9/6/8/05/13/LibelSuitMayDevelopFromUfoHassle_ScientificResearch/
Redirect /Documents/Articles/Walker/1968-03_Walker.html https://rr0.org/time/1/9/6/8/03/Walker_EstablishingObserverCreditabilityAProposedMethod/
Redirect /Documents/Articles/McDonald/1968-03-12_UfosAnInternationalScientificProblem_McDonald_fr.html https://rr0.org/time/1/9/6/8/03/12/McDonald_UfosAnInternationalScientificProblem/
Redirect /Documents/Articles/Friedman/1968-02_FlyingSaucersAreReal_Friedman.html https://rr0.org/time/1/9/6/8/02/Friedman_FlyingSaucersAreReal/
Redirect /Documents/Articles/1968-01-17_NewYorkTimes_Colorado_fr.html https://rr0.org/time/1/9/6/8/01/17/Colorado_NewYorkTimes/
Redirect /Documents/Articles/Baker/1969-12_Baker.html https://rr0.org/time/1/9/6/9/12/Bakers_MotionPicturesUfos/
Redirect /Documents/Articles/McDonald/1969-12-27_ScienceInDefault_McDonald_fr.html https://rr0.org/time/1/9/6/9/12/27/McDonald_ScienceInDefault/
Redirect /Documents/Articles/Hynek/1969-12-21_21YearsOfUfoReports_Hynek_fr.html https://rr0.org/time/1/9/6/9/12/21/Hynek_21YearsOfUfoReports/
Redirect /Documents/Articles/Page/1969-10_AJP_Page-on-Condon.html https://rr0.org/time/1/9/6/9/10/AJP_PageOnCondon/
Redirect /Documents/Officiels/FAB/SIOANI/SIOANI-2_fr.html https://rr0.org/time/1/9/6/9/08/SIOANI/
Redirect /Documents/Articles/McDonald/1969-02-12_CondonReportAScientistCritique_McDonald_fr.html https://rr0.org/time/1/9/6/9/02/12/McDonald_CondonReportAScientistCritique/
Redirect /Documents/Articles/Baker/1969-04-14_ScientificResearch_Baker.html https://rr0.org/time/1/9/6/9/04/14/Baker_TheUfoReportCondonStudyFallsShort/
Redirect /Documents/Officiels/FAB/SIOANI/SIOANI-1_fr.html https://rr0.org/time/1/9/6/9/03/SIOANI/
Redirect /Documents/Officiels/USAF/1970_IntroductorySpaceScience_fr.html https://rr0.org/time/1/9/7/0/USAF_IntroductorySpaceScience/
Redirect /Documents/Articles/1970_CapturingUFOOnFilm.html https://rr0.org/time/1/9/7/0/CapturingUfoOnFilm_UfoQuaterly/
Redirect /Documents/Articles/McDonald/1970-11-17_FacteursMeteoRetoursRdar_McDonald.html https://rr0.org/time/1/9/7/0/11/17/McDonald_MeteorologicalFactorsInUnidentifiedRadarReturns/
Redirect /Documents/Articles/1972-08_ReopeningTheQuestion_Murray_fr.html https://rr0.org/time/1/9/7/2/08/Murray_ReopeningTheQuestion/
Redirect /Documents/Articles/AIAA/1973-11_Kuettner_fr.html https://rr0.org/time/1/9/7/3/11/ANewStartOnTheWholeUfoProblem/
Redirect /enquete/dossier/Dropas/1973-01_ButIReadItInABook_Creighton_fr.html https://rr0.org/time/1/9/7/3/01/Creighton_ButIReadItInABook/
Redirect /Documents/Articles/1974_Goupil.html https://rr0.org/time/1/9/7/4/Goupil_LHypotheseDuChampRepulsif/
Redirect /Documents/Articles/1974-12_TheZetaReticuliIncident_Astronomy_fr.html https://rr0.org/time/1/9/7/4/12/TheZetaReticuliIncident_Astronomy/
Redirect time/1/9/7/4/Sturrock_Condon/ https://rr0.org/time/1/9/7/4/10/Sturrock_Condon/
Redirect /Documents/Etudes/mccarthy/ https://rr0.org/time/1/9/7/5/12/McCarthy_Dissertation/
Redirect /Documents/Articles/Hynek/1975-10-04_Nature_Hynek.html https://rr0.org/time/1/9/7/5/10/04/Hynek_Nature/
Redirect /Documents/Articles/Hynek/1975-02/1975-02_Hynek_FBI.html https://rr0.org/time/1/9/7/5/02/Hynek_FBI/
Redirect /Documents/Articles/Hynek/1981-07_UFOPhenomenonLaughLaughStudy_TechnologyReview_Hynek_fr.html https://rr0.org/time/1/9/8/1/07/Hynek_UFOPhenomenonLaughLaughStudy_TechnologyReview/
Redirect /Documents/Articles/1979-05_TheDayTheNavyEstablishedContact_fr.html https://rr0.org/time/1979/05/TheDayTheNavyEstablishedContact/
Redirect /Documents/Articles/1998_PerspectiveAnomalistics_Truzzi.html https://rr0.org/time/1/9/9/8/Truzzi_PerspectiveAnomalistics/
Redirect /Documents/Officiels/1990_LambrechtsRapport.html https://rr0.org/time/1/9/9/0/RapportLambrechts/
Redirect /Documents/Articles/1976-02_TexasMontly_RayStanford_PSI_fr.html https://rr0.org/time/1976/02/StanfordRay_PSI_TexasMontly/
Redirect /Documents/Articles/1989-11-29_Zetetism.html https://rr0.org/time/1989/11/29/Truzzi_ReflectionsOnTheReceptionOfUnconventionalClaimsInScience
Redirect /Taverny.html https://rr0.org/org/eu/fr/dn/base/Taverny
Redirect /Highjump.html https://rr0.org/org/us/dod/navy/projet/Highjump
Redirect /people/b/ByrdRichardEvelyn https://rr0.org/people/b/ByrdRichardE/
Redirect /SGDN.html https://rr0.org/org/eu/fr/dn/SGDN.html
Redirect /Albion.html https://rr0.org/org/eu/fr/dn/base/Albion
Redirect /IHEDN.html https://rr0.org/org/eu/fr/dn/IHEDN.html
Redirect /org/es https://rr0.org/org/eu/es
Redirect /org/eu/fr/asso/AAMT.html https://rr0.org/org/eu/fr/asso/aamt
Redirect /org/eu/it/asso https://rr0.org/org/eu/it/asso
Redirect /CERPA.html https://rr0.org/org/eu/fr/asso/CERPA.html
Redirect /COMETA.html https://rr0.org/org/eu/fr/asso/cometa
Redirect /CNEGU.html https://rr0.org/org/eu/fr/asso/cnegu
Redirect /org/eu/fr/asso/GEPA.html https://rr0.org/org/eu/fr/asso/gepa
Redirect /RUP.html https://rr0.org/org/eu/fr/asso/RUP.html
Redirect /apro/ https://rr0.org/org/us/asso/apro/
Redirect /org/us/asso/APRO/ https://rr0.org/org/us/asso/apro
Redirect /MUFON.html https://rr0.org/org/us/asso/mufon
Redirect /org/us/asso/MUFON.html https://rr0.org/org/us/asso/mufon
Redirect /AIAA.html https://rr0.org/org/us/asso/AIAA.html
Redirect /JASONS.html https://rr0.org/org/us/asso/JASONS.html
Redirect /NICAP.html https://rr0.org/org/us/asso/nicap
Redirect /org/us/asso/NARCAP.html https://rr0.org/org/us/asso/narcap
Redirect /org/us/asso/nicap/ https://rr0.org/org/us/asso/nicap
Redirect /NSF.html https://rr0.org/org/us/asso/nsf
Redirect /CSETI.html https://rr0.org/org/us/asso/cseti
Redirect /org/us/asso/CSETI.html https://rr0.org/org/us/asso/cseti
Redirect /org/us/dod/af/atic/projet/BlueBook https://rr0.org/org/us/dod/af/amc/atic/projet/bluebook
Redirect /org/us/dod/af/atic/projet/bluebook https://rr0.org/org/us/dod/af/amc/atic/projet/bluebook
Redirect /org/us/dod/af/projet/Grudge https://rr0.org/org/us/dod/af/amc/atic/projet/grudge
Redirect /org/us/dod/af/projet/Sign https://rr0.org/org/us/dod/af/amc/atic/projet/sign
Redirect /org/eu/it/asso/CUN.html https://rr0.org/org/eu/it/asso/CUN/
Redirect /CIPH.html https://rr0.org/org/eu/it/asso/CISU/projet/CIPH.html
Redirect /org/eu/fr/asso/Ouranos.html https://rr0.org/org/eu/fr/asso/ouranos
Redirect /Ouranos.html https://rr0.org/org/eu/fr/asso/ouranos
Redirect /Maroc.html https://rr0.org/org/ma
Redirect /org/eu/fr/asso/ldln/ https://rr0.org/org/eu/fr/asso/ldln
Redirect /SCEAU.html https://rr0.org/org/eu/fr/asso/SCEAU.html
Redirect /org/eu/fr/asso/SCEAU.html https://rr0.org/org/eu/fr/asso/sceau
Redirect /SERPAN.html https://rr0.org/org/eu/fr/asso/SERPAN.html
Redirect /BallLighting.html https://rr0.org/science/crypto/ufo/enquete/meprise/foudre/globulaire
Redirect /science/crypto/ufo/meprise https://rr0.org/science/crypto/ufo/enquete/meprise
Redirect /PrankBalloons.html https://rr0.org/science/crypto/ufo/enquete/meprise/ballon/PrankBalloons.html
Redirect /Gendarmerie.html https://rr0.org/org/eu/fr/dn/gendarmerie
Redirect /Terre.html https://rr0.org/place/systeme/solaire/planete/terre
Redirect /place/systeme/solaire/Soleil /place/systeme/solaire/Soleil
Redirect /place/systeme/solaire/planete/terre/us/Socorro.html https://rr0.org/place/systeme/solaire/planete/terre/us/nm/Socorro.html
Redirect /Jupiter.html https://rr0.org/place/systeme/solaire/planete/jupiter
Redirect /place/systeme/solaire/planete/terre/lune/Lune.html https://rr0.org/place/systeme/solaire/planete/terre/lune
Redirect /Lune.html https://rr0.org/place/systeme/solaire/planete/terre/lune
Redirect /ColDeVence.html https://rr0.org/place/systeme/solaire/planete/terre/eurafras/euras/eu/fr/ColDeVence
Redirect /place/systeme/solaire/planete/terre/fr/ColDeVence https://rr0.org/place/systeme/solaire/planete/terre/eurafras/euras/eu/fr/ColDeVence
Redirect /Rendelsham.html https://rr0.org/place/systeme/solaire/planete/terre/uk/rendlesham
Redirect /Phobos.html https://rr0.org/place/systeme/solaire/planete/mars/Phobos.html
Redirect /place/systeme/solaire/planete/venus/Venus.html https://rr0.org/place/systeme/solaire/planete/venus/
Redirect /Nibiru.html https://rr0.org/place/systeme/solaire/planete/Nibiru.html
Redirect /USA.html https://rr0.org/org/us
Redirect /SETI.html https://rr0.org/science/crypto/ufo/observation/projet/seti
Redirect /observation/projet/SETI.html https://rr0.org/science/crypto/ufo/observation/projet/seti
Redirect /SETI-RMW.html https://www.rr0.org/science/crypto/ufo/observation/projet/seti/rmw
Redirect /Apollo11.html https://rr0.org/org/us/nasa/projet/apollo/11
Redirect /org/us/nasa/apollo/14 https://rr0.org/org/us/nasa/projet/apollo/14
Redirect /Aquarius.html https://rr0.org/science/crypto/ufo/enquete/dossier/ProjetAquarius
Redirect /Dossier/1290_Amplefort/ https://rr0.org/science/crypto/ufo/enquete/dossier/Amplefort/
Redirect /Implants.html https://rr0.org/science/crypto/ufo/enquete/dossier/Implants/
Redirect /detect/Implants.html https://rr0.org/science/crypto/ufo/enquete/dossier/Implants/
Redirect /Dossier/1608_Signes/ https://rr0.org/time/1608/Signes
Redirect /Dossier/1982-10-21_Amarantes/ https://rr0.org/science/crypto/ufo/enquete/dossier/Amarantes/
Redirect /Fatima.html https://rr0.org/science/crypto/ufo/enquete/dossier/Fatima/
Redirect /Dossier/1917_Fatima/ https://rr0.org/science/crypto/ufo/enquete/dossier/Fatima/
Redirect /1947-07-02_Roswell.html https://rr0.org/science/crypto/ufo/enquete/dossier/Roswell/
Redirect /Dossier/1947-07-02_Roswell/1995_Film/ https://rr0.org/science/crypto/ufo/enquete/dossier/Roswell/Films/
Redirect /science/crypto/ufo/enquete/dossier/1947-07-02_Roswell/1995_Film https://rr0.org/science/crypto/ufo/enquete/dossier/Roswell/Films
Redirect /Dossier/1947-07-02_Roswell/ https://rr0.org/science/crypto/ufo/enquete/dossier/Roswell/
Redirect /Dossier/1947-07-02_Roswell/KaufmannFrank.html https://rr0.org/science/crypto/ufo/enquete/dossier/Roswell/KaufmannFrank/
Redirect /MauryIsland.html https://rr0.org/science/crypto/ufo/enquete/dossier/Maury/
Redirect /Dossier/1967-05-09_Marliens/ https://rr0.org/science/crypto/ufo/enquete/dossier/Marliens/
Redirect /Dossier/1951-08-25_Lubbock/ https://rr0.org/science/crypto/ufo/enquete/dossier/Lubbock/
Redirect /Dossier/1951-08-25_Lubbock https://rr0.org/science/crypto/ufo/enquete/dossier/Lubbock/
Redirect /Dossier/1952-07-26_Washington/ https://rr0.org/science/crypto/ufo/enquete/dossier/Washington/
Redirect /1952-07-26_Washington.html https://rr0.org/science/crypto/ufo/enquete/dossier/Washington/
Redirect /Dossier/1953_Villa/ https://rr0.org/science/crypto/ufo/enquete/dossier/Villa/
Redirect /Dossier/1953-11-23_Kinross/ https://rr0.org/science/crypto/ufo/enquete/dossier/Kinross/
Redirect /1954-09-10_Quarouble.html https://rr0.org/science/crypto/ufo/enquete/dossier/Quarouble/
Redirect /Dossier/1956-08-13_Lakenheath/ https://rr0.org/science/crypto/ufo/enquete/dossier/Lakenheath/
Redirect /Dossier/1958_Trinite/ https://rr0.org/science/crypto/ufo/enquete/dossier/Trinidad/
Redirect /1958_Trinite.html https://rr0.org/science/crypto/ufo/enquete/dossier/Trinidad/
Redirect /1964-04-24_Soccorro.html https://rr0.org/science/crypto/ufo/enquete/dossier/Socorro/
Redirect /Dossier/1964-04-24_Soccorro/ https://rr0.org/science/crypto/ufo/enquete/dossier/Socorro/
Redirect /Dossier/1965-12-09_Kecksburg/ https://rr0.org/science/crypto/ufo/enquete/dossier/Kecksburg/
Redirect /Dossier/1966_Ummo/ https://rr0.org/science/crypto/ufo/enquete/dossier/Ummo/
Redirect /Dossier/1967-08-29_Cussac/ https://rr0.org/science/crypto/ufo/enquete/dossier/Cussac
Redirect /1948-07-24_Chiles_Whitted.html https://rr0.org/science/crypto/ufo/enquete/dossier/ChilesWhitted
Redirect /Dossier/1968-11-01_X https://rr0.org/science/crypto/ufo/enquete/dossier/DocteurX
Redirect /Dossier/1975-11-05_WaltonTravis https://rr0.org/science/crypto/ufo/enquete/dossier/WaltonTravis
Redirect /science/crypto/ufo/enquete/projet/Prato.html https://rr0.org/science/crypto/ufo/enquete/dossier/Colares
Redirect /Prato.html https://rr0.org/science/crypto/ufo/enquete/dossier/Colares
Redirect /1980-12-29_CashLandrum.html https://rr0.org/science/crypto/ufo/enquete/dossier/CashLandrum
Redirect /Dossier/1980_Bennewitz https://rr0.org/science/crypto/ufo/enquete/dossier/Bennewitz
Redirect /Dossier/1972-08-12_Taize https://rr0.org/science/crypto/ufo/enquete/dossier/Taize
Redirect /Dossier/1981-01-08_TransEnProvence https://rr0.org/science/crypto/ufo/enquete/dossier/TransEnProvence
Redirect /Dossier/1981-10-08_Vancouver https://rr0.org/science/crypto/ufo/enquete/dossier/Vancouver
Redirect /Dossier/1991-09-15_STS48 https://rr0.org/science/crypto/ufo/enquete/dossier/STS48
Redirect /Dossier/1994-01-28_Duboc https://rr0.org/science/crypto/ufo/enquete/dossier/Duboc
Redirect /Dossier/1996-08-06_Mexico https://rr0.org/science/crypto/ufo/enquete/dossier/Mexico
Redirect /Dossier/1997-04-04_JRodAutopsy https://rr0.org/science/crypto/ufo/enquete/dossier/JRodAutopsy
Redirect /Dossier/1998_Sverdlovsk https://rr0.org/science/crypto/ufo/enquete/dossier/Sverdlovsk
Redirect /Dossier/2004-03-05_Mexique https://rr0.org/science/crypto/ufo/enquete/dossier/Campeche
Redirect /Canulars.html https://rr0.org/science/crypto/ufo/enquete/dossier/canular
Redirect /science/crypto/ufo/enquete/dossier/canular/ https://rr0.org/science/crypto/ufo/enquete/dossier/canular
Redirect /Saqqara.html https://rr0.org/science/crypto/archeo/enquete/dossier/Saqqara/
Redirect /1965-07-01_Valensole.html https://rr0.org/science/crypto/ufo/enquete/dossier/Valensole/
Redirect /audio/2001-05-20_Menant_Vallee.html https://rr0.org/time/2001/05/20/Menant_InterviewVallee.html
Redirect /RB-47.html https://rr0.org/tech/aero/appareil/avion/RB-47.html
Redirect /V1.html https://rr0.org/tech/aero/appareil/missile/v1
Redirect /V2.html https://rr0.org/tech/aero/appareil/missile/v2
Redirect /tech/aero/appareil/avion/U2.html https://rr0.org/tech/aero/appareil/avion/u2
Redirect /Aurora.html https://rr0.org/tech/aero/appareil/Aurora.html
Redirect /appareils#A12.html https://rr0.org/tech/aero/appareil/A12
Redirect /enquete/appareil https://rr0.org/tech/aero/appareil
Redirect /appareils.html https://rr0.org/tech/aero/appareil
Redirect /java/ https://rr0.org/tech/info/soft/proj/impl/lang/java
Redirect /tech/info/soft/prog/pascal/langage https://rr0.org/tech/info/soft/proj/impl/lang/pascal
Redirect /tech/info/soft/OpenSource.html https://rr0.org/tech/info/soft/prod/licence/oss
Redirect /tech/info/1986.html /time/1/9/8/6
Redirect /tech/info/soft/data/doc/xml/XML.html https://rr0.org/tech/info/soft/data/doc/xml/
Redirect /tech/info/soft/data/doc/xml/ https://rr0.org/tech/info/soft/data/doc/xml/
Redirect /tech/info/soft/data/doc/xml/html https://rr0.org/tech/info/soft/data/doc/html
Redirect /tech/info/soft/securite https://rr0.org/tech/info/soft/sec
Redirect //tech/info/soft/sec/confidentialite/Cryptographie.html https://rr0.org/tech/info/soft/sec/priv/Cryptographie.html
Redirect /tech/info/soft/proj/impl/lang/SmallTalk.html https://rr0.org/tech/info/soft/proj/impl/lang/smalltalk
Redirect /tech/info/soft/proj/design/arch/web/JavaScript.html https://rr0.org/tech/info/soft/proj/impl/lang/javascript
Redirect /tech/info/soft/proj/conception https://rr0.org/tech/info/soft/proj/design
Redirect /tech/info/soft/proj/conception/arch/serveur https://rr0.org/tech/info/soft/proj/design/arch/server
Redirect /tech/info/soft/proj/besoin https://rr0.org/tech/info/soft/proj/req
Redirect /tech/info/soft/proj/methode https://rr0.org/tech/info/soft/proj/method
Redirect /tech/info/soft/proj/design/arch/web/js https://rr0.org/tech/info/soft/proj/impl/lang/javascript
Redirect /tech/info/soft/proj/design/arch/web/client/CSS.html https://rr0.org/tech/info/soft/proj/design/arch/web/client/css
Redirect /tech/info/soft/proj/design/arch/web/CSS.html https://rr0.org/tech/info/soft/proj/design/arch/web/client/css
Redirect /tech/info/soft/prog/oo/java/JDO.html https://rr0.org/org/us/company/oracle/sun/ptf/java/api/ext/JDO.html
Redirect /tech/info/soft/prod/ide/WSAD.html https://rr0.org/org/us/company/ibm/product/soft/ide/WSAD.html
Redirect /tech/info/soft/reseau/DNS.html https://rr0.org/tech/info/soft/reseau/protocole/5/DNS.html
Redirect tech/info/soft/reseau/protocole/FTP.html https://rr0.org/tech/info/soft/reseau/protocole/5/FTP.html
Redirect /science/appliquee/informatique/soft/java/Internet.html https://rr0.org/tech/info/soft/reseau/internet
Redirect /science/appliquee/info/soft/java/Internet.html https://rr0.org/tech/info/soft/reseau/internet
Redirect /science/appliquee/info/soft/java/Internet.html https://rr0.org/tech/info/soft/reseau/internet
Redirect /Abduction.html https://rr0.org/science/crypto/ufo/observation/scenario/Abduction.html
Redirect /scientifiques.html https://rr0.org/people/scientifiques.html
Redirect /people/scientifiques.html https://rr0.org/people/scientifiques.html
Redirect /analyse/ https://rr0.org/science/crypto/ufo/analyse/
Redirect /science/crypto/ufo/analyse/FermiParadoxe.html https://rr0.org/science/crypto/ufo/analyse/hypotheses/intelligence/HET/FermiParadoxe.html
Redirect /science/crypto/ufo/analyse/hypotheses/intelligence/HET/pilosite https://rr0.org/science/crypto/ufo/analyse/hypotheses/intelligence/HET/pilosite
Redirect /Dossier https://rr0.org/science/crypto/ufo/enquete/dossier
Redirect /chronoset.html https://rr0.org/time
Redirect /annees.html https://rr0.org/time
Redirect /observation/ https://rr0.org/science/crypto/ufo/observation/
Redirect /enquete/ https://rr0.org/science/crypto/ufo/enquete/
Redirect /ufologie/ https://rr0.org/science/crypto/ufo/
Redirect /ufologues.html https://rr0.org/people/ufologues.html
Redirect /science/crypto/ufo/observation/ https://rr0.org/science/crypto/ufo/observation/
Redirect /science/crypto/ufologie/observation/ https://rr0.org/science/crypto/ufo/observation
Redirect /FlyingSaucers.html https://rr0.org/science/crypto/ufo/FlyingSaucers.html
Redirect /org/eu/fr/association https://rr0.org/org/eu/fr/asso
Redirect /org/eu/se/association https://rr0.org/org/eu/se/asso
Redirect /FR.html https://rr0.org/org/eu/fr
Redirect /org/us/association https://rr0.org/org/us/asso
Redirect /politique/ideologie/conspirationnisme https://rr0.org/croyance/conspirationnisme
Redirect /science/crypto/ufo/enquete/dossier/1967-07-03_Woonsocket https://rr0.org/science/crypto/ufo/enquete/dossier/Ferriere/
Redirect /StatistiquesApplet.html https://rr0.org/science/crypto/ufo/analyse/statistique/StatistiquesApplet.html
Redirect /science/crypto/ufo/enquete/dossier/Roswell/Films/1999-01-17_HowSantillisAlienAutopsyTentFootageWasFaked_MailOnSunday.html https://rr0.org/time/1/9/9/9/01/17/HowSantillisAlienAutopsyTentFootageWasFaked_MailOnSunday/index.html
Redirect /science/crypto/ufo/enquete/dossier/Roswell/Films/1999-01-17_HowSantillisAlienAutopsyTentFootageWasFaked_MailOnSunday_fr.html https://rr0.org/time/1/9/9/9/01/17/HowSantillisAlienAutopsyTentFootageWasFaked_MailOnSunday/index_fr.html

# compress certain file types by extension:
<files *.html>
SetOutputFilter DEFLATE
</files>

<Files 403.shtml>
order allow,deny
allow from all
</Files>

RewriteEngine on

RewriteCond %{SERVER_PORT} 80
RewriteRule ^(.*)$ https://rr0.org/$1 [R,L]

RewriteCond %{HTTP_REFERER} !^https://.*.google.com/.*$      [NC]
RewriteCond %{HTTP_REFERER} !^https://.*.google.com$      [NC]
RewriteCond %{HTTP_REFERER} !^https://.*.tineye.com/.*$      [NC]
RewriteCond %{HTTP_REFERER} !^https://.*.tineye.com$      [NC]
RewriteCond %{HTTP_REFERER} !^https://java.rr0.org/.*$      [NC]
RewriteCond %{HTTP_REFERER} !^https://java.rr0.org$      [NC]
RewriteCond %{HTTP_REFERER} !^https://psiland.free.fr/.*$      [NC]
RewriteCond %{HTTP_REFERER} !^https://psiland.free.fr$      [NC]
RewriteCond %{HTTP_REFERER} !^https://rr0.org/.*$      [NC]
RewriteCond %{HTTP_REFERER} !^https://rr0.org$      [NC]
RewriteCond %{HTTP_REFERER} !^https://www.java.rr0.org/.*$      [NC]
RewriteCond %{HTTP_REFERER} !^https://www.java.rr0.org$      [NC]
RewriteCond %{HTTP_REFERER} !^https://www.javarome.org/.*$      [NC]
RewriteCond %{HTTP_REFERER} !^https://www.javarome.org$      [NC]
RewriteCond %{HTTP_REFERER} !^https://www.rr0.org/.*$      [NC]
RewriteCond %{HTTP_REFERER} !^https://www.rr0.org$      [NC]
RewriteCond %{HTTP_REFERER} !^https://rr0.org/.*$      [NC]
RewriteCond %{HTTP_REFERER} !^https://rr0.org$      [NC]
RewriteCond %{HTTP_REFERER} !^https://www.rr0.org/.*$      [NC]
RewriteCond %{HTTP_REFERER} !^https://www.rr0.org$      [NC]
RewriteCond %{HTTP_REFERER} !^https://vraiufo.com/.*$      [NC]
RewriteCond %{HTTP_REFERER} !^https://vraiufo.com$      [NC]
RewriteCond %{HTTP_REFERER} !^https://vraiufo.fr/.*$      [NC]
RewriteCond %{HTTP_REFERER} !^https://vraiufo.fr$      [NC]
RewriteRule .*\.(jpg|jpeg|jpe|gif|bmp|png)$ https://rr0.org/Referencement.html [R,NC]
